low_frequency,noise_floor_db,windows,zero_mean,zero_median,zero_25,zero_75,complete_loss_count,complete_loss_percent,mean_feature_median,max_feature_median,strongest_center_median,windows_95_zero,windows_99_zero,windows_100_zero
0,-70.0,1335,67.73987061627511,72.70202020202021,50.088383838383834,88.59848484848484,0,0.0,0.014356454834342003,0.2890625,44.37407700982649,94,2,0
0,-65.0,1335,85.38845382665608,92.22222222222223,79.72222222222223,96.7929292929293,0,0.0,0.004500078968703747,0.2421875,44.37407700982649,503,74,0
0,-60.0,1335,94.72218439072371,97.57575757575758,94.20454545454547,99.06565656565657,34,2.546816479400749,0.0014796401374042034,0.19140625,44.37407700982649,959,353,36
0,-52.0,1335,98.91050959028487,99.69696969696969,99.06565656565657,99.97474747474747,323,24.19475655430712,0.0001302083401242271,0.08984375,44.37407700982649,1295,1020,328
100,-70.0,1335,69.83705973593614,75.58080808080808,52.196969696969695,90.65656565656566,1,0.0749063670411985,0.010999645106494427,0.21875,2178.8747039229174,168,24,1
100,-65.0,1335,87.1130783490334,94.11616161616162,82.3989898989899,97.99242424242425,24,1.7977528089887642,0.002775804838165641,0.16796875,2178.8747039229174,612,177,27
100,-60.0,1335,95.7679037566678,98.68686868686869,95.75757575757575,99.72222222222223,152,11.385767790262172,0.000564236135687679,0.109375,2178.8747039229174,1036,575,162
100,-52.0,1335,99.2504634358567,100.0,99.5959595959596,100.0,676,50.63670411985019,0.0,0.0,2178.8747039229174,1300,1170,689
150,-70.0,1335,70.16259978057731,76.06060606060606,52.588383838383834,90.85858585858585,1,0.0749063670411985,0.010709634982049465,0.21484375,2097.6113795318697,172,24,1
150,-65.0,1335,87.26951159535429,94.24242424242424,82.55050505050505,97.97979797979798,22,1.647940074906367,0.0027205650694668293,0.1640625,2097.6113795318697,617,179,23
150,-60.0,1335,95.8303824764499,98.73737373737373,95.83333333333334,99.74747474747475,151,11.310861423220974,0.0005336568574421108,0.10546875,2097.6113795318697,1039,588,161
150,-52.0,1335,99.25750009457873,100.0,99.5959595959596,100.0,680,50.936329588014985,0.0,0.0,2097.6113795318697,1300,1178,691
200,-70.0,1335,70.23007225816214,76.54040404040404,52.48737373737374,91.03535353535354,2,0.149812734082397,0.010649463161826134,0.21484375,2176.7124377582195,173,25,2
200,-65.0,1335,87.35147353686679,94.31818181818183,82.75252525252526,98.06818181818181,22,1.647940074906367,0.0026554609648883343,0.1640625,2176.7124377582195,627,187,23
200,-60.0,1335,95.85994779253207,98.73737373737373,95.92171717171718,99.74747474747475,154,11.535580524344569,0.0005385890253819525,0.109375,2176.7124377582195,1041,589,160
200,-52.0,1335,99.25837021904438,100.0,99.5959595959596,100.0,692,51.83520599250936,0.0,0.0,2176.7124377582195,1300,1175,698
