"species","partition","clips","groups","seconds","dates"
"an arabiensis","training","489","308","8672.26","36"
"ma uniformis","training","81","46","1053.64","12"
"culex pipiens complex","training","336","202","5030.59999999999","34"
"culex pipiens complex","testing","93","67","1598.02","22"
"ma uniformis","testing","23","15","258.44","7"
"culex pipiens complex","validation","116","67","1529.14","27"
"an arabiensis","validation","165","103","2987.2","32"
"an arabiensis","testing","177","103","3155.74","32"
"ma uniformis","validation","27","15","342.5","6"
"ae aegypti","validation","22","10","319.76","3"
"ae aegypti","training","46","29","767.28","4"
"ae aegypti","testing","21","10","235.4","3"
