"species","name","partition","files","seconds","dates","methods"
"an arabiensis","IFA_17_26_666.wav","training","2","5.12","30-01-20 00:00","HBN"
"ma uniformis","IFA_17_27_667.wav","training","4","10.24","30-01-20 00:00","HBN"
"culex pipiens complex","IFA_17_28_668.wav","training","3","46.08","30-01-20 00:00","HBN"
"culex pipiens complex","IFA_17_31_671.wav","training","2","15.36","30-01-20 00:00","HBN"
"ma uniformis","IFA_17_33_673.wav","training","1","2.5","30-01-20 00:00","HBN"
"culex pipiens complex","IFA_17_35_675.wav","testing","2","10.24","30-01-20 00:00","HBN"
"culex pipiens complex","IFA_17_36_676.wav","training","2","12.8","30-01-20 00:00","HBN"
"ma uniformis","IFA_17_37_677.wav","testing","2","7.68","30-01-20 00:00","HBN"
"culex pipiens complex","IFA_17_38_678.wav","training","1","2.56","30-01-20 00:00","HBN"
"culex pipiens complex","IFA_18_13_693.wav","training","1","12.8","30-01-20 00:00","HBN"
"culex pipiens complex","IFA_18_14_694.wav","validation","4","17.92","30-01-20 00:00","HBN"
"culex pipiens complex","IFA_18_15_695.wav","training","1","2.56","30-01-20 00:00","HBN"
"culex pipiens complex","IFA_18_18_698.wav","testing","3","17.92","30-01-20 00:00","HBN"
"culex pipiens complex","IFA_18_19_699.wav","training","1","12.8","30-01-20 00:00","HBN"
"culex pipiens complex","IFA_18_21_701.wav","validation","1","2.56","30-01-20 00:00","HBN"
"culex pipiens complex","IFA_18_23_703.wav","testing","2","17.92","30-01-20 00:00","HBN"
"culex pipiens complex","IFA_18_24_704.wav","training","1","17.92","30-01-20 00:00","HBN"
"culex pipiens complex","IFA_18_27_707.wav","training","1","5.12","30-01-20 00:00","HBN"
"culex pipiens complex","IFA_18_28_708.wav","testing","1","2.56","30-01-20 00:00","HBN"
"an arabiensis","IFA_18_29_709.wav","training","1","12.8","30-01-20 00:00","HBN"
"culex pipiens complex","IFA_18_30_710.wav","training","2","20.48","30-01-20 00:00","HBN"
"culex pipiens complex","IFA_18_31_711.wav","training","2","7.68","30-01-20 00:00","HBN"
"culex pipiens complex","IFA_18_33_713.wav","testing","1","17.92","30-01-20 00:00","HBN"
"an arabiensis","IFA_18_37_717.wav","training","2","5.12","03-02-20 00:00","HBN"
"an arabiensis","IFA_18_38_718.wav","training","3","12.8","03-02-20 00:00","HBN"
"an arabiensis","IFA_18_39_719.wav","training","2","23.04","03-02-20 00:00","HBN"
"an arabiensis","IFA_19_12_732.wav","training","2","10.24","03-02-20 00:00","HBN"
"an arabiensis","IFA_19_18_738.wav","training","5","25.54","03-02-20 00:00","HBN"
"an arabiensis","IFA_19_19_739.wav","training","1","63.94","03-02-20 00:00","HBN"
"an arabiensis","IFA_19_20_740.wav","validation","2","38.34","03-02-20 00:00","HBN"
"an arabiensis","IFA_19_21_741.wav","training","2","15.36","03-02-20 00:00","HBN"
"an arabiensis","IFA_19_22_742.wav","training","1","43.46","03-02-20 00:00","HBN"
"an arabiensis","IFA_19_24_744.wav","testing","2","7.68","03-02-20 00:00","HBN"
"an arabiensis","IFA_19_26_746.wav","training","4","35.78","03-02-20 00:00","HBN"
"an arabiensis","IFA_19_27_747.wav","testing","4","15.36","03-02-20 00:00","HBN"
"an arabiensis","IFA_19_28_748.wav","training","1","20.48","03-02-20 00:00","HBN"
"an arabiensis","IFA_19_31_751.wav","training","3","38.34","03-02-20 00:00","HBN"
"an arabiensis","IFA_19_32_752.wav","validation","4","28.16","03-02-20 00:00","HBN"
"an arabiensis","IFA_19_34_754.wav","training","1","12.8","03-02-20 00:00","HBN"
"an arabiensis","IFA_19_36_756.wav","training","3","12.8","03-02-20 00:00","HBN"
"an arabiensis","IFA_19_38_758.wav","training","2","5.12","03-02-20 00:00","HBN"
"an arabiensis","IFA_20_12_772.wav","validation","2","12.8","03-02-20 00:00","HBN"
"culex pipiens complex","IFA_20_14_774.wav","training","1","5.12","03-02-20 00:00","HBN"
"an arabiensis","IFA_20_17_777.wav","training","1","2.56","03-02-20 00:00","HBN"
"an arabiensis","IFA_20_18_778.wav","training","1","2.56","03-02-20 00:00","HBN"
"an arabiensis","IFA_20_38_798.wav","testing","1","5.12","03-02-20 00:00","HBN"
"an arabiensis","IFA_21_10_810.wav","training","1","2.56","08-02-20 00:00","HBN"
"an arabiensis","IFA_21_20_820.wav","training","1","5.12","08-02-20 00:00","HBN"
"an arabiensis","IFA_21_22_822.wav","validation","1","5.12","08-02-20 00:00","HBN"
"an arabiensis","IFA_21_27_827.wav","training","3","10.24","08-02-20 00:00","HBN"
"an arabiensis","IFA_21_29_829.wav","training","1","2.56","08-02-20 00:00","HBN"
"an arabiensis","IFA_21_36_836.wav","training","1","10.24","08-02-20 00:00","HBN"
"an arabiensis","IFA_22_14_854.wav","validation","1","2.56","08-02-20 00:00","HBN"
"an arabiensis","IFA_22_16_856.wav","testing","1","2.56","08-02-20 00:00","HBN"
"an arabiensis","IFA_22_19_859.wav","validation","2","7.68","08-02-20 00:00","HBN"
"an arabiensis","IFA_22_20_860.wav","training","2","25.6","08-02-20 00:00","HBN"
"an arabiensis","IFA_22_21_861.wav","validation","1","117.76","08-02-20 00:00","HBN"
"an arabiensis","IFA_22_22_862.wav","training","3","12.8","08-02-20 00:00","HBN"
"an arabiensis","IFA_22_23_863.wav","validation","3","53.7","08-02-20 00:00","HBN"
"culex pipiens complex","IFA_22_25_865.wav","training","2","7.68","08-02-20 00:00","HBN"
"an arabiensis","IFA_22_27_867.wav","training","2","12.8","08-02-20 00:00","HBN"
"an arabiensis","IFA_22_28_868.wav","training","2","7.68","08-02-20 00:00","HBN"
"an arabiensis","IFA_22_29_869.wav","validation","1","5.12","08-02-20 00:00","HBN"
"an arabiensis","IFA_22_37_877.wav","training","1","2.56","08-02-20 00:00","HBN"
"an arabiensis","IFA_22_38_878.wav","training","1","5.12","08-02-20 00:00","HBN"
"an arabiensis","IFA_22_39_879.wav","training","2","5.12","08-02-20 00:00","HBN"
"an arabiensis","IFA_22_40_880.wav","training","3","20.42","08-02-20 00:00","HBN"
"ma uniformis","IFA_23_10_890.wav","training","2","5.12","10-02-20 00:00","HBN"
"ma uniformis","IFA_23_12_892.wav","training","2","23.04","10-02-20 00:00","HBN"
"ma uniformis","IFA_23_13_893.wav","validation","2","35.84","10-02-20 00:00","HBN"
"culex pipiens complex","IFA_23_14_894.wav","training","1","2.56","10-02-20 00:00","HBN"
"ma uniformis","IFA_23_16_896.wav","testing","2","38.4","10-02-20 00:00","HBN"
"an arabiensis","IFA_23_17_897.wav","training","2","35.84","10-02-20 00:00","HBN"
"ma uniformis","IFA_23_18_898.wav","training","1","2.56","10-02-20 00:00","HBN"
"ma uniformis","IFA_23_21_901.wav","training","1","30.72","10-02-20 00:00","HBN"
"ma uniformis","IFA_23_27_907.wav","training","1","30.72","10-02-20 00:00","HBN"
"ma uniformis","IFA_23_30_910.wav","training","4","17.92","10-02-20 00:00","HBN"
"culex pipiens complex","IFA_23_31_911.wav","validation","2","5.12","10-02-20 00:00","HBN"
"culex pipiens complex","IFA_23_32_912.wav","training","1","5.12","10-02-20 00:00","HBN"
"ma uniformis","IFA_23_33_913.wav","validation","2","38.34","10-02-20 00:00","HBN"
"ma uniformis","IFA_23_34_914.wav","training","1","2.56","10-02-20 00:00","HBN"
"ma uniformis","IFA_23_36_916.wav","training","3","38.34","10-02-20 00:00","HBN"
"ma uniformis","IFA_23_37_917.wav","validation","2","12.74","10-02-20 00:00","HBN"
"culex pipiens complex","IFA_23_38_918.wav","training","1","2.56","10-02-20 00:00","HBN"
"ma uniformis","IFA_23_39_919.wav","training","3","23.04","10-02-20 00:00","HBN"
"culex pipiens complex","IFA_24_11_931.wav","testing","1","2.56","10-02-20 00:00","HBN"
"culex pipiens complex","IFA_24_12_932.wav","validation","3","12.8","10-02-20 00:00","HBN"
"ma uniformis","IFA_24_14_934.wav","training","2","30.72","10-02-20 00:00","HBN"
"ma uniformis","IFA_24_18_938.wav","validation","1","23.04","10-02-20 00:00","HBN"
"ma uniformis","IFA_24_19_939.wav","training","1","22.98","10-02-20 00:00","HBN"
"an arabiensis","IFA_24_20_940.wav","testing","2","35.78","10-02-20 00:00","HBN"
"an arabiensis","IFA_24_21_941.wav","validation","1","40.9","10-02-20 00:00","HBN"
"culex pipiens complex","IFA_24_22_942.wav","training","1","23.04","10-02-20 00:00","HBN"
"ma uniformis","IFA_24_24_944.wav","testing","1","23.04","10-02-20 00:00","HBN"
"an arabiensis","IFA_24_25_945.wav","training","3","38.4","10-02-20 00:00","HBN"
"culex pipiens complex","IFA_24_26_946.wav","training","3","35.84","10-02-20 00:00","HBN"
"ma uniformis","IFA_24_27_947.wav","training","1","5.12","10-02-20 00:00","HBN"
"ma uniformis","IFA_24_29_949.wav","testing","2","17.92","10-02-20 00:00","HBN"
"ma uniformis","IFA_24_30_950.wav","training","3","33.28","10-02-20 00:00","HBN"
"ma uniformis","IFA_24_31_951.wav","validation","2","7.62","10-02-20 00:00","HBN"
"ma uniformis","IFA_24_32_952.wav","training","4","33.22","10-02-20 00:00","HBN"
"culex pipiens complex","IFA_24_33_953.wav","training","2","33.22","10-02-20 00:00","HBN"
"culex pipiens complex","IFA_24_36_956.wav","training","3","15.36","10-02-20 00:00","HBN"
"culex pipiens complex","IFA_24_37_957.wav","training","5","25.6","10-02-20 00:00","HBN"
"culex pipiens complex","IFA_24_38_958.wav","training","1","17.92","10-02-20 00:00","HBN"
"culex pipiens complex","IFA_24_39_959.wav","training","2","23.04","10-02-20 00:00","HBN"
"ma uniformis","IFA_24_40_960.wav","training","2","30.72","10-02-20 00:00","HBN"
"ma uniformis","IFA_25_14_974.wav","validation","1","2.56","10-02-20 00:00","HBN"
"culex pipiens complex","IFA_25_15_975.wav","training","2","40.96","10-02-20 00:00","HBN"
"culex pipiens complex","IFA_25_16_976.wav","training","2","12.8","10-02-20 00:00","HBN"
"culex pipiens complex","IFA_25_17_977.wav","training","2","15.3","10-02-20 00:00","HBN"
"culex pipiens complex","IFA_25_18_978.wav","validation","2","12.8","10-02-20 00:00","HBN"
"culex pipiens complex","IFA_25_20_980.wav","training","1","10.24","10-02-20 00:00","HBN"
"culex pipiens complex","IFA_25_22_982.wav","training","2","33.28","10-02-20 00:00","HBN"
"ma uniformis","IFA_25_23_983.wav","testing","1","22.98","10-02-20 00:00","HBN"
"ma uniformis","IFA_25_24_984.wav","testing","1","23.04","10-02-20 00:00","HBN"
"ma uniformis","IFA_25_25_985.wav","training","3","30.66","10-02-20 00:00","HBN"
"culex pipiens complex","IFA_25_28_988.wav","training","4","35.78","10-02-20 00:00","HBN"
"ma uniformis","IFA_25_29_989.wav","training","1","22.98","10-02-20 00:00","HBN"
"an arabiensis","IFA_25_30_990.wav","training","1","35.78","10-02-20 00:00","HBN"
"ma uniformis","IFA_25_31_991.wav","testing","4","22.98","10-02-20 00:00","HBN"
"an arabiensis","IFA_25_33_993.wav","training","3","28.1","10-02-20 00:00","HBN"
"an arabiensis","IFA_25_35_995.wav","training","3","38.34","10-02-20 00:00","HBN"
"ma uniformis","IFA_25_38_998.wav","training","1","25.54","10-02-20 00:00","HBN"
"ma uniformis","IFA_25_40_1000.wav","training","1","35.78","10-02-20 00:00","HBN"
"ma uniformis","IFA_26_13_1013.wav","validation","2","22.98","10-02-20 00:00","HBN"
"ma uniformis","IFA_26_15_1015.wav","training","1","5.12","10-02-20 00:00","HBN"
"culex pipiens complex","IFA_26_16_1016.wav","testing","1","2.56","10-02-20 00:00","HBN"
"ma uniformis","IFA_26_18_1018.wav","training","1","20.48","10-02-20 00:00","HBN"
"ma uniformis","IFA_26_22_1022.wav","training","1","17.92","10-02-20 00:00","HBN"
"ma uniformis","IFA_26_24_1024.wav","training","1","2.56","10-02-20 00:00","HBN"
"ma uniformis","IFA_26_25_1025.wav","training","1","15.36","10-02-20 00:00","HBN"
"ma uniformis","IFA_26_26_1026.wav","training","4","30.72","10-02-20 00:00","HBN"
"ma uniformis","IFA_26_27_1027.wav","testing","1","10.24","10-02-20 00:00","HBN"
"an arabiensis","IFA_26_32_1032.wav","training","3","12.8","10-02-20 00:00","HBN"
"ma uniformis","IFA_26_36_1036.wav","testing","1","7.68","10-02-20 00:00","HBN"
"an arabiensis","IFA_27_10_1050.wav","training","2","33.22","12-02-20 00:00","HBN"
"ma uniformis","IFA_27_11_1051.wav","training","2","28.1","12-02-20 00:00","HBN"
"culex pipiens complex","IFA_27_12_1052.wav","training","1","30.66","12-02-20 00:00","HBN"
"culex pipiens complex","IFA_27_13_1053.wav","training","4","20.48","12-02-20 00:00","HBN"
"culex pipiens complex","IFA_27_14_1054.wav","validation","2","7.68","12-02-20 00:00","HBN"
"culex pipiens complex","IFA_27_15_1055.wav","training","4","28.16","12-02-20 00:00","HBN"
"culex pipiens complex","IFA_27_17_1057.wav","training","1","7.62","12-02-20 00:00","HBN"
"culex pipiens complex","IFA_27_18_1058.wav","validation","2","20.42","12-02-20 00:00","HBN"
"an arabiensis","IFA_27_19_1059.wav","validation","3","7.68","12-02-20 00:00","HBN"
"culex pipiens complex","IFA_27_20_1060.wav","training","1","5.12","12-02-20 00:00","HBN"
"culex pipiens complex","IFA_27_24_1064.wav","testing","2","10.18","12-02-20 00:00","HBN"
"culex pipiens complex","IFA_27_25_1065.wav","validation","1","15.36","12-02-20 00:00","HBN"
"culex pipiens complex","IFA_27_28_1068.wav","training","2","33.22","12-02-20 00:00","HBN"
"culex pipiens complex","IFA_27_30_1070.wav","training","1","40.9","12-02-20 00:00","HBN"
"ma uniformis","IFA_27_31_1071.wav","training","1","33.22","12-02-20 00:00","HBN"
"culex pipiens complex","IFA_27_32_1072.wav","validation","1","20.48","12-02-20 00:00","HBN"
"culex pipiens complex","IFA_27_33_1073.wav","training","1","17.92","12-02-20 00:00","HBN"
"culex pipiens complex","IFA_27_35_1075.wav","testing","2","15.3","12-02-20 00:00","HBN"
"ma uniformis","IFA_27_36_1076.wav","training","1","25.54","12-02-20 00:00","HBN"
"an arabiensis","IFA_28_14_1094.wav","training","2","7.68","12-02-20 00:00","HBN"
"an arabiensis","IFA_28_15_1095.wav","validation","3","43.46","12-02-20 00:00","HBN"
"culex pipiens complex","IFA_28_16_1096.wav","validation","2","15.36","12-02-20 00:00","HBN"
"an arabiensis","IFA_28_17_1097.wav","validation","1","5.12","12-02-20 00:00","HBN"
"ma uniformis","IFA_28_19_1099.wav","training","2","7.68","12-02-20 00:00","HBN"
"ma uniformis","IFA_28_20_1100.wav","validation","1","28.1","12-02-20 00:00","HBN"
"an arabiensis","IFA_28_22_1102.wav","training","1","7.68","12-02-20 00:00","HBN"
"ma uniformis","IFA_28_23_1103.wav","testing","2","5.12","12-02-20 00:00","HBN"
"an arabiensis","IFA_28_24_1104.wav","testing","1","20.48","12-02-20 00:00","HBN"
"an arabiensis","IFA_28_27_1107.wav","training","4","17.86","12-02-20 00:00","HBN"
"ma uniformis","IFA_28_29_1109.wav","training","1","12.74","12-02-20 00:00","HBN"
"ma uniformis","IFA_28_32_1112.wav","training","1","2.5","12-02-20 00:00","HBN"
"ma uniformis","IFA_28_34_1114.wav","testing","1","2.56","12-02-20 00:00","HBN"
"ma uniformis","IFA_28_35_1115.wav","training","1","7.62","12-02-20 00:00","HBN"
"culex pipiens complex","IFA_28_39_1119.wav","testing","1","15.36","12-02-20 00:00","HBN"
"culex pipiens complex","IFA_29_11_1131.wav","validation","2","7.68","14-02-20 00:00","HBN"
"culex pipiens complex","IFA_29_13_1133.wav","testing","2","22.98","14-02-20 00:00","HBN"
"culex pipiens complex","IFA_29_14_1134.wav","testing","1","22.98","14-02-20 00:00","HBN"
"culex pipiens complex","IFA_29_15_1135.wav","training","1","43.46","14-02-20 00:00","HBN"
"ma uniformis","IFA_29_16_1136.wav","validation","1","20.42","14-02-20 00:00","HBN"
"an arabiensis","IFA_29_17_1137.wav","training","3","10.24","14-02-20 00:00","HBN"
"culex pipiens complex","IFA_29_19_1139.wav","testing","3","20.42","14-02-20 00:00","HBN"
"culex pipiens complex","IFA_29_20_1140.wav","training","2","28.1","14-02-20 00:00","HBN"
"culex pipiens complex","IFA_29_21_1141.wav","testing","2","10.24","14-02-20 00:00","HBN"
"culex pipiens complex","IFA_29_22_1142.wav","training","1","20.48","14-02-20 00:00","HBN"
"culex pipiens complex","IFA_29_23_1143.wav","training","4","20.42","14-02-20 00:00","HBN"
"culex pipiens complex","IFA_29_24_1144.wav","training","2","25.54","14-02-20 00:00","HBN"
"culex pipiens complex","IFA_29_25_1145.wav","testing","1","30.66","14-02-20 00:00","HBN"
"an arabiensis","IFA_29_27_1147.wav","training","1","2.56","14-02-20 00:00","HBN"
"culex pipiens complex","IFA_29_28_1148.wav","training","3","23.04","14-02-20 00:00","HBN"
"culex pipiens complex","IFA_29_29_1149.wav","testing","3","17.92","14-02-20 00:00","HBN"
"ma uniformis","IFA_29_30_1150.wav","training","2","5.12","14-02-20 00:00","HBN"
"culex pipiens complex","IFA_29_31_1151.wav","training","1","12.8","14-02-20 00:00","HBN"
"culex pipiens complex","IFA_29_32_1152.wav","training","2","33.28","14-02-20 00:00","HBN"
"culex pipiens complex","IFA_29_33_1153.wav","training","2","12.8","14-02-20 00:00","HBN"
"culex pipiens complex","IFA_29_35_1155.wav","testing","1","5.06","14-02-20 00:00","HBN"
"culex pipiens complex","IFA_29_36_1156.wav","validation","2","7.68","14-02-20 00:00","HBN"
"culex pipiens complex","IFA_29_37_1157.wav","validation","1","25.54","14-02-20 00:00","HBN"
"culex pipiens complex","IFA_29_38_1158.wav","training","1","2.56","14-02-20 00:00","HBN"
"ma uniformis","IFA_29_39_1159.wav","validation","4","28.1","14-02-20 00:00","HBN"
"culex pipiens complex","IFA_29_40_1160.wav","validation","2","15.36","14-02-20 00:00","HBN"
"culex pipiens complex","IFA_30_14_1174.wav","training","2","22.98","17-02-20 00:00","HBN"
"culex pipiens complex","IFA_30_15_1175.wav","testing","1","12.8","17-02-20 00:00","HBN"
"culex pipiens complex","IFA_30_16_1176.wav","training","2","25.54","17-02-20 00:00","HBN"
"culex pipiens complex","IFA_30_17_1177.wav","training","2","28.16","17-02-20 00:00","HBN"
"culex pipiens complex","IFA_30_18_1178.wav","testing","1","30.66","17-02-20 00:00","HBN"
"culex pipiens complex","IFA_30_19_1179.wav","training","1","23.04","17-02-20 00:00","HBN"
"culex pipiens complex","IFA_30_20_1180.wav","training","1","30.72","17-02-20 00:00","HBN"
"culex pipiens complex","IFA_30_23_1183.wav","testing","3","28.1","17-02-20 00:00","HBN"
"culex pipiens complex","IFA_30_24_1184.wav","training","1","28.16","17-02-20 00:00","HBN"
"culex pipiens complex","IFA_30_25_1185.wav","testing","1","25.54","17-02-20 00:00","HBN"
"an arabiensis","IFA_30_27_1187.wav","training","2","15.36","17-02-20 00:00","HBN"
"culex pipiens complex","IFA_30_28_1188.wav","validation","3","25.6","17-02-20 00:00","HBN"
"culex pipiens complex","IFA_30_29_1189.wav","training","2","28.16","17-02-20 00:00","HBN"
"culex pipiens complex","IFA_30_30_1190.wav","training","1","28.1","17-02-20 00:00","HBN"
"culex pipiens complex","IFA_30_31_1191.wav","testing","1","25.6","17-02-20 00:00","HBN"
"an arabiensis","IFA_30_32_1192.wav","training","1","7.68","17-02-20 00:00","HBN"
"an arabiensis","IFA_30_33_1193.wav","training","2","7.68","17-02-20 00:00","HBN"
"culex pipiens complex","IFA_30_34_1194.wav","training","1","30.66","17-02-20 00:00","HBN"
"an arabiensis","IFA_30_36_1196.wav","training","2","17.92","17-02-20 00:00","HBN"
"culex pipiens complex","IFA_30_38_1198.wav","training","1","28.16","17-02-20 00:00","HBN"
"culex pipiens complex","IFA_30_39_1199.wav","validation","1","2.56","17-02-20 00:00","HBN"
"culex pipiens complex","IFA_31_10_1210.wav","training","1","38.34","17-02-20 00:00","HBN"
"an arabiensis","IFA_31_11_1211.wav","training","3","12.74","17-02-20 00:00","HBN"
"culex pipiens complex","IFA_31_12_1212.wav","training","1","48.58","17-02-20 00:00","HBN"
"culex pipiens complex","IFA_31_13_1213.wav","validation","1","35.78","17-02-20 00:00","HBN"
"culex pipiens complex","IFA_31_14_1214.wav","training","1","30.66","17-02-20 00:00","HBN"
"culex pipiens complex","IFA_31_15_1215.wav","training","3","10.24","18-02-20 00:00","HBN"
"culex pipiens complex","IFA_31_16_1216.wav","training","3","30.66","18-02-20 00:00","HBN"
"culex pipiens complex","IFA_31_18_1218.wav","testing","3","20.42","18-02-20 00:00","HBN"
"culex pipiens complex","IFA_31_19_1219.wav","testing","2","38.34","18-02-20 00:00","HBN"
"culex pipiens complex","IFA_31_20_1220.wav","training","2","22.98","18-02-20 00:00","HBN"
"culex pipiens complex","IFA_31_21_1221.wav","validation","1","38.4","18-02-20 00:00","HBN"
"culex pipiens complex","IFA_31_22_1222.wav","training","2","15.36","18-02-20 00:00","HBN"
"culex pipiens complex","IFA_31_23_1223.wav","training","2","33.28","18-02-20 00:00","HBN"
"culex pipiens complex","IFA_31_25_1225.wav","training","2","7.68","18-02-20 00:00","HBN"
"culex pipiens complex","IFA_31_26_1226.wav","training","3","28.1","18-02-20 00:00","HBN"
"culex pipiens complex","IFA_31_27_1227.wav","training","3","20.42","18-02-20 00:00","HBN"
"culex pipiens complex","IFA_31_30_1230.wav","training","1","28.1","18-02-20 00:00","HBN"
"culex pipiens complex","IFA_31_32_1232.wav","training","2","33.22","18-02-20 00:00","HBN"
"culex pipiens complex","IFA_31_33_1233.wav","testing","1","51.14","18-02-20 00:00","HBN"
"culex pipiens complex","IFA_31_34_1234.wav","validation","2","35.78","18-02-20 00:00","HBN"
"culex pipiens complex","IFA_31_35_1235.wav","training","3","40.9","18-02-20 00:00","HBN"
"an arabiensis","IFA_31_36_1236.wav","validation","2","20.48","18-02-20 00:00","HBN"
"culex pipiens complex","IFA_31_38_1238.wav","validation","1","28.1","18-02-20 00:00","HBN"
"culex pipiens complex","IFA_31_39_1239.wav","training","4","33.22","18-02-20 00:00","HBN"
"culex pipiens complex","IFA_32_13_1253.wav","training","1","33.22","18-02-20 00:00","HBN"
"an arabiensis","IFA_32_14_1254.wav","training","1","2.56","20-02-20 00:00","HBN"
"an arabiensis","IFA_32_17_1257.wav","validation","2","7.62","20-02-20 00:00","HBN"
"an arabiensis","IFA_32_18_1258.wav","training","2","7.68","20-02-20 00:00","HBN"
"culex pipiens complex","IFA_32_19_1259.wav","training","3","23.04","20-02-20 00:00","HBN"
"culex pipiens complex","IFA_32_22_1262.wav","validation","4","17.92","20-02-20 00:00","HBN"
"an arabiensis","IFA_32_23_1263.wav","training","3","10.24","20-02-20 00:00","HBN"
"an arabiensis","IFA_32_26_1266.wav","validation","3","25.6","20-02-20 00:00","HBN"
"an arabiensis","IFA_32_28_1268.wav","testing","1","17.92","20-02-20 00:00","HBN"
"an arabiensis","IFA_32_30_1270.wav","validation","1","25.6","20-02-20 00:00","HBN"
"ma uniformis","IFA_32_31_1271.wav","testing","1","17.92","20-02-20 00:00","HBN"
"an arabiensis","IFA_32_32_1272.wav","testing","1","7.68","20-02-20 00:00","HBN"
"an arabiensis","IFA_32_34_1274.wav","validation","2","25.6","20-02-20 00:00","HBN"
"an arabiensis","IFA_32_37_1277.wav","training","2","25.54","20-02-20 00:00","HBN"
"culex pipiens complex","IFA_32_38_1278.wav","training","1","20.48","20-02-20 00:00","HBN"
"culex pipiens complex","IFA_33_11_1291.wav","training","3","15.36","29-02-20 00:00","HBN"
"culex pipiens complex","IFA_33_12_1292.wav","training","1","2.56","29-02-20 00:00","HBN"
"an arabiensis","IFA_33_15_1295.wav","training","1","2.56","29-02-20 00:00","HBN"
"culex pipiens complex","IFA_33_16_1296.wav","training","2","5.12","29-02-20 00:00","HBN"
"an arabiensis","IFA_33_18_1298.wav","training","1","2.56","29-02-20 00:00","HBN"
"an arabiensis","IFA_33_20_1300.wav","training","1","5.12","29-02-20 00:00","HBN"
"an arabiensis","IFA_33_21_1301.wav","validation","1","12.8","29-02-20 00:00","HBN"
"an arabiensis","IFA_33_22_1302.wav","training","1","2.56","29-02-20 00:00","HBN"
"an arabiensis","IFA_33_23_1303.wav","training","1","5.12","29-02-20 00:00","HBN"
"culex pipiens complex","IFA_33_24_1304.wav","training","1","25.54","29-02-20 00:00","HBN"
"an arabiensis","IFA_33_27_1307.wav","training","1","2.56","29-02-20 00:00","HBN"
"culex pipiens complex","IFA_33_34_1314.wav","training","3","38.34","29-02-20 00:00","HBN"
"an arabiensis","IFA_33_40_1320.wav","testing","5","33.22","29-02-20 00:00","HBN"
"culex pipiens complex","IFA_34_11_1331.wav","training","1","28.16","29-02-20 00:00","HBN"
"culex pipiens complex","IFA_34_12_1332.wav","training","3","20.42","29-02-20 00:00","HBN"
"culex pipiens complex","IFA_34_14_1334.wav","training","1","2.56","29-02-20 00:00","HBN"
"culex pipiens complex","IFA_34_18_1338.wav","testing","2","25.6","29-02-20 00:00","HBN"
"culex pipiens complex","IFA_34_20_1340.wav","validation","2","25.6","02-03-20 00:00","HBN"
"culex pipiens complex","IFA_34_21_1341.wav","training","1","53.7","02-03-20 00:00","HBN"
"culex pipiens complex","IFA_34_22_1342.wav","testing","1","35.78","02-03-20 00:00","HBN"
"an arabiensis","IFA_34_23_1343.wav","validation","1","61.38","02-03-20 00:00","HBN"
"culex pipiens complex","IFA_34_24_1344.wav","validation","2","40.9","02-03-20 00:00","HBN"
"culex pipiens complex","IFA_34_25_1345.wav","training","1","38.34","02-03-20 00:00","HBN"
"an arabiensis","IFA_34_26_1346.wav","testing","3","38.4","02-03-20 00:00","HBN"
"culex pipiens complex","IFA_34_27_1347.wav","training","1","43.46","02-03-20 00:00","HBN"
"culex pipiens complex","IFA_34_28_1348.wav","testing","1","43.46","02-03-20 00:00","HBN"
"culex pipiens complex","IFA_34_29_1349.wav","testing","1","35.78","02-03-20 00:00","HBN"
"an arabiensis","IFA_34_30_1350.wav","training","1","48.58","02-03-20 00:00","HBN"
"culex pipiens complex","IFA_34_31_1351.wav","validation","1","33.22","02-03-20 00:00","HBN"
"culex pipiens complex","IFA_34_32_1352.wav","testing","1","20.42","02-03-20 00:00","HBN"
"culex pipiens complex","IFA_34_33_1353.wav","training","1","51.14","02-03-20 00:00","HBN"
"an arabiensis","IFA_34_35_1355.wav","training","1","51.14","02-03-20 00:00","HBN"
"an arabiensis","IFA_34_36_1356.wav","training","1","40.9","02-03-20 00:00","HBN"
"an arabiensis","IFA_34_37_1357.wav","validation","1","28.1","02-03-20 00:00","HBN"
"an arabiensis","IFA_34_38_1358.wav","training","1","30.66","02-03-20 00:00","HBN"
"an arabiensis","IFA_34_39_1359.wav","validation","1","40.9","02-03-20 00:00","HBN"
"an arabiensis","IFA_34_40_1360.wav","training","3","33.22","02-03-20 00:00","HBN"
"an arabiensis","IFA_35_10_1370.wav","training","3","25.6","02-03-20 00:00","HBN"
"an arabiensis","IFA_35_11_1371.wav","testing","1","25.6","02-03-20 00:00","HBN"
"an arabiensis","IFA_35_12_1372.wav","training","1","40.9","02-03-20 00:00","HBN"
"an arabiensis","IFA_35_13_1373.wav","testing","1","51.14","02-03-20 00:00","HBN"
"an arabiensis","IFA_35_14_1374.wav","testing","1","40.9","02-03-20 00:00","HBN"
"an arabiensis","IFA_35_15_1375.wav","testing","1","35.78","02-03-20 00:00","HBN"
"an arabiensis","IFA_35_16_1376.wav","training","1","40.9","02-03-20 00:00","HBN"
"an arabiensis","IFA_35_17_1377.wav","training","1","35.84","02-03-20 00:00","HBN"
"an arabiensis","IFA_35_18_1378.wav","training","3","22.98","02-03-20 00:00","HBN"
"an arabiensis","IFA_35_19_1379.wav","training","2","30.72","02-03-20 00:00","HBN"
"an arabiensis","IFA_35_20_1380.wav","validation","1","33.22","02-03-20 00:00","HBN"
"an arabiensis","IFA_35_21_1381.wav","testing","1","38.4","02-03-20 00:00","HBN"
"an arabiensis","IFA_35_22_1382.wav","training","3","33.28","02-03-20 00:00","HBN"
"an arabiensis","IFA_35_23_1383.wav","training","1","40.9","02-03-20 00:00","HBN"
"an arabiensis","IFA_35_24_1384.wav","training","2","25.54","02-03-20 00:00","HBN"
"an arabiensis","IFA_35_25_1385.wav","validation","1","25.54","02-03-20 00:00","HBN"
"an arabiensis","IFA_35_26_1386.wav","training","2","17.92","02-03-20 00:00","HBN"
"culex pipiens complex","IFA_35_27_1387.wav","training","1","22.98","02-03-20 00:00","HBN"
"an arabiensis","IFA_35_29_1389.wav","validation","3","17.92","02-03-20 00:00","HBN"
"an arabiensis","IFA_35_30_1390.wav","training","1","15.36","02-03-20 00:00","HBN"
"culex pipiens complex","IFA_35_31_1391.wav","testing","1","5.12","02-03-20 00:00","HBN"
"culex pipiens complex","IFA_35_32_1392.wav","training","2","17.92","02-03-20 00:00","HBN"
"culex pipiens complex","IFA_35_33_1393.wav","training","2","38.4","02-03-20 00:00","HBN"
"culex pipiens complex","IFA_35_34_1394.wav","validation","2","12.8","02-03-20 00:00","HBN"
"culex pipiens complex","IFA_35_35_1395.wav","training","1","35.84","02-03-20 00:00","HBN"
"an arabiensis","IFA_35_36_1396.wav","training","1","5.12","02-03-20 00:00","HBN"
"ma uniformis","IFA_35_37_1397.wav","testing","2","7.68","02-03-20 00:00","HBN"
"culex pipiens complex","IFA_35_38_1398.wav","testing","2","20.48","02-03-20 00:00","HBN"
"culex pipiens complex","IFA_35_39_1399.wav","training","1","2.56","02-03-20 00:00","HBN"
"culex pipiens complex","IFA_35_40_1400.wav","training","2","33.28","02-03-20 00:00","HBN"
"culex pipiens complex","IFA_36_14_1414.wav","validation","3","23.04","04-03-20 00:00","HBN"
"an arabiensis","IFA_36_16_1416.wav","training","1","22.98","04-03-20 00:00","HBN"
"an arabiensis","IFA_36_17_1417.wav","testing","1","33.22","04-03-20 00:00","HBN"
"an arabiensis","IFA_36_20_1420.wav","validation","1","38.34","04-03-20 00:00","HBN"
"an arabiensis","IFA_36_21_1421.wav","training","1","43.46","04-03-20 00:00","HBN"
"an arabiensis","IFA_36_23_1423.wav","training","1","28.1","04-03-20 00:00","HBN"
"an arabiensis","IFA_36_26_1426.wav","training","1","30.66","04-03-20 00:00","HBN"
"an arabiensis","IFA_36_27_1427.wav","testing","1","51.14","04-03-20 00:00","HBN"
"culex pipiens complex","IFA_36_30_1430.wav","training","1","10.24","04-03-20 00:00","HBN"
"an arabiensis","IFA_36_34_1434.wav","training","2","38.4","04-03-20 00:00","HBN"
"an arabiensis","IFA_36_35_1435.wav","training","1","17.92","04-03-20 00:00","HBN"
"ma uniformis","IFA_36_36_1436.wav","training","2","33.22","04-03-20 00:00","HBN"
"culex pipiens complex","IFA_36_38_1438.wav","validation","1","30.66","04-03-20 00:00","HBN"
"an arabiensis","IFA_37_12_1452.wav","validation","2","30.72","04-03-20 00:00","HBN"
"an arabiensis","IFA_37_13_1453.wav","validation","2","20.48","04-03-20 00:00","HBN"
"an arabiensis","IFA_37_15_1455.wav","training","1","33.22","04-03-20 00:00","HBN"
"an arabiensis","IFA_37_16_1456.wav","testing","1","25.54","04-03-20 00:00","HBN"
"an arabiensis","IFA_37_17_1457.wav","training","2","28.1","04-03-20 00:00","HBN"
"culex pipiens complex","IFA_37_20_1460.wav","training","3","28.16","04-03-20 00:00","HBN"
"culex pipiens complex","IFA_37_21_1461.wav","training","1","33.22","04-03-20 00:00","HBN"
"culex pipiens complex","IFA_37_22_1462.wav","training","2","17.92","04-03-20 00:00","HBN"
"an arabiensis","IFA_37_24_1464.wav","training","1","10.24","04-03-20 00:00","HBN"
"an arabiensis","IFA_37_25_1465.wav","training","1","2.56","04-03-20 00:00","HBN"
"an arabiensis","IFA_37_26_1466.wav","training","3","25.6","04-03-20 00:00","HBN"
"an arabiensis","IFA_37_27_1467.wav","training","1","35.78","04-03-20 00:00","HBN"
"culex pipiens complex","IFA_37_28_1468.wav","training","1","23.04","04-03-20 00:00","HBN"
"an arabiensis","IFA_37_29_1469.wav","testing","2","48.64","04-03-20 00:00","HBN"
"an arabiensis","IFA_37_30_1470.wav","training","2","15.36","04-03-20 00:00","HBN"
"culex pipiens complex","IFA_37_32_1472.wav","testing","1","25.54","04-03-20 00:00","HBN"
"an arabiensis","IFA_37_34_1474.wav","training","1","28.1","04-03-20 00:00","HBN"
"culex pipiens complex","IFA_37_37_1477.wav","training","1","12.8","04-03-20 00:00","HBN"
"culex pipiens complex","IFA_37_38_1478.wav","training","1","15.36","04-03-20 00:00","HBN"
"an arabiensis","IFA_38_10_1490.wav","training","1","5.12","07-03-20 00:00","HBN"
"culex pipiens complex","IFA_38_11_1491.wav","validation","2","33.22","07-03-20 00:00","HBN"
"an arabiensis","IFA_38_13_1493.wav","training","3","35.84","07-03-20 00:00","HBN"
"an arabiensis","IFA_38_14_1494.wav","training","2","5.12","07-03-20 00:00","HBN"
"an arabiensis","IFA_38_15_1495.wav","training","1","7.68","07-03-20 00:00","HBN"
"culex pipiens complex","IFA_38_16_1496.wav","training","2","51.14","07-03-20 00:00","HBN"
"an arabiensis","IFA_38_19_1499.wav","training","2","7.68","07-03-20 00:00","HBN"
"an arabiensis","IFA_38_21_1501.wav","validation","1","5.12","07-03-20 00:00","HBN"
"an arabiensis","IFA_38_23_1503.wav","training","1","5.12","07-03-20 00:00","HBN"
"an arabiensis","IFA_38_25_1505.wav","testing","1","12.8","07-03-20 00:00","HBN"
"culex pipiens complex","IFA_38_26_1506.wav","training","1","5.12","07-03-20 00:00","HBN"
"culex pipiens complex","IFA_38_29_1509.wav","validation","1","5.12","07-03-20 00:00","HBN"
"an arabiensis","IFA_38_30_1510.wav","training","2","28.16","07-03-20 00:00","HBN"
"an arabiensis","IFA_38_31_1511.wav","testing","2","33.22","07-03-20 00:00","HBN"
"culex pipiens complex","IFA_38_32_1512.wav","validation","3","40.96","07-03-20 00:00","HBN"
"culex pipiens complex","IFA_38_35_1515.wav","training","1","15.36","11-03-20 00:00","HBN"
"an arabiensis","IFA_38_36_1516.wav","training","3","25.6","11-03-20 00:00","HBN"
"an arabiensis","IFA_38_37_1517.wav","testing","1","33.22","11-03-20 00:00","HBN"
"an arabiensis","IFA_38_38_1518.wav","training","4","40.9","11-03-20 00:00","HBN"
"an arabiensis","IFA_38_39_1519.wav","validation","1","35.78","11-03-20 00:00","HBN"
"an arabiensis","IFA_38_40_1520.wav","training","2","35.78","11-03-20 00:00","HBN"
"an arabiensis","IFA_39_10_1530.wav","training","1","33.28","11-03-20 00:00","HBN"
"an arabiensis","IFA_39_12_1532.wav","training","3","15.36","11-03-20 00:00","HBN"
"an arabiensis","IFA_39_13_1533.wav","training","1","33.28","11-03-20 00:00","HBN"
"an arabiensis","IFA_39_14_1534.wav","training","1","23.04","11-03-20 00:00","HBN"
"an arabiensis","IFA_39_16_1536.wav","testing","1","17.92","11-03-20 00:00","HBN"
"an arabiensis","IFA_39_17_1537.wav","testing","3","20.42","11-03-20 00:00","HBN"
"an arabiensis","IFA_39_18_1538.wav","testing","3","28.1","11-03-20 00:00","HBN"
"an arabiensis","IFA_39_19_1539.wav","training","1","2.56","11-03-20 00:00","HBN"
"ma uniformis","IFA_39_20_1540.wav","training","3","23.04","11-03-20 00:00","HBN"
"an arabiensis","IFA_39_21_1541.wav","validation","1","15.36","11-03-20 00:00","HBN"
"an arabiensis","IFA_39_22_1542.wav","training","2","15.36","11-03-20 00:00","HBN"
"an arabiensis","IFA_39_24_1544.wav","testing","3","17.86","11-03-20 00:00","HBN"
"an arabiensis","IFA_39_25_1545.wav","training","1","20.48","11-03-20 00:00","HBN"
"an arabiensis","IFA_39_26_1546.wav","testing","3","17.92","11-03-20 00:00","HBN"
"an arabiensis","IFA_39_27_1547.wav","testing","3","12.74","11-03-20 00:00","HBN"
"an arabiensis","IFA_39_28_1548.wav","validation","1","7.68","11-03-20 00:00","HBN"
"an arabiensis","IFA_39_31_1551.wav","validation","1","7.68","11-03-20 00:00","HBN"
"an arabiensis","IFA_39_32_1552.wav","training","1","15.36","11-03-20 00:00","HBN"
"an arabiensis","IFA_39_33_1553.wav","training","4","12.8","11-03-20 00:00","HBN"
"an arabiensis","IFA_39_35_1555.wav","testing","3","25.6","11-03-20 00:00","HBN"
"ae aegypti","IFA_40_10_1570.wav","validation","1","43.52","13-03-20 00:00","LC"
"ae aegypti","IFA_40_11_1571.wav","training","1","20.42","13-03-20 00:00","LC"
"ae aegypti","IFA_40_12_1572.wav","training","4","15.36","13-03-20 00:00","LC"
"ae aegypti","IFA_40_13_1573.wav","validation","4","22.98","13-03-20 00:00","LC"
"ae aegypti","IFA_40_14_1574.wav","validation","3","30.72","13-03-20 00:00","LC"
"ae aegypti","IFA_40_15_1575.wav","training","1","30.72","13-03-20 00:00","LC"
"ae aegypti","IFA_40_16_1576.wav","training","3","30.72","13-03-20 00:00","LC"
"ae aegypti","IFA_40_17_1577.wav","validation","3","40.96","13-03-20 00:00","LC"
"ae aegypti","IFA_40_18_1578.wav","training","2","23.04","13-03-20 00:00","LC"
"ae aegypti","IFA_40_19_1579.wav","testing","2","28.1","13-03-20 00:00","LC"
"ae aegypti","IFA_40_21_1581.wav","testing","2","17.92","13-03-20 00:00","LC"
"ae aegypti","IFA_40_22_1582.wav","training","2","7.68","13-03-20 00:00","LC"
"ae aegypti","IFA_40_23_1583.wav","testing","1","20.48","13-03-20 00:00","LC"
"ae aegypti","IFA_40_24_1584.wav","testing","2","23.04","13-03-20 00:00","LC"
"ae aegypti","IFA_40_25_1585.wav","training","1","38.34","13-03-20 00:00","LC"
"ae aegypti","IFA_40_26_1586.wav","training","1","25.54","13-03-20 00:00","LC"
"ae aegypti","IFA_40_27_1587.wav","validation","2","51.14","13-03-20 00:00","LC"
"ae aegypti","IFA_40_28_1588.wav","training","1","38.34","13-03-20 00:00","LC"
"culex pipiens complex","IFA_40_36_1596.wav","training","3","10.24","16-03-20 00:00","LT"
"culex pipiens complex","IFA_40_37_1597.wav","testing","2","10.24","16-03-20 00:00","LT"
"culex pipiens complex","IFA_41_10_1610.wav","validation","2","20.48","16-03-20 00:00","LT"
"an arabiensis","IFA_41_11_1611.wav","training","2","7.68","16-03-20 00:00","LT"
"an arabiensis","IFA_41_12_1612.wav","validation","1","40.9","16-03-20 00:00","LT"
"culex pipiens complex","IFA_41_13_1613.wav","training","1","5.12","16-03-20 00:00","LT"
"culex pipiens complex","IFA_41_24_1624.wav","validation","2","7.68","16-03-20 00:00","LT"
"culex pipiens complex","IFA_41_25_1625.wav","training","1","12.8","16-03-20 00:00","LT"
"culex pipiens complex","IFA_41_26_1626.wav","validation","1","5.12","16-03-20 00:00","LT"
"an arabiensis","IFA_41_34_1634.wav","training","3","12.74","21-03-20 00:00","LT"
"an arabiensis","IFA_41_36_1636.wav","training","1","2.56","21-03-20 00:00","LT"
"an arabiensis","IFA_41_37_1637.wav","training","2","7.68","21-03-20 00:00","LT"
"an arabiensis","IFA_41_38_1638.wav","training","4","28.1","21-03-20 00:00","LT"
"an arabiensis","IFA_42_11_1651.wav","testing","3","7.68","21-03-20 00:00","LT"
"an arabiensis","IFA_42_14_1654.wav","training","2","15.36","21-03-20 00:00","LT"
"an arabiensis","IFA_42_19_1659.wav","training","2","38.34","21-03-20 00:00","LT"
"ae aegypti","IFA_42_21_1661.wav","validation","3","33.28","21-03-20 00:00","LC"
"ae aegypti","IFA_42_22_1662.wav","training","3","43.46","21-03-20 00:00","LC"
"ae aegypti","IFA_42_23_1663.wav","training","1","23.04","21-03-20 00:00","LC"
"ae aegypti","IFA_42_24_1664.wav","validation","1","10.24","21-03-20 00:00","LC"
"ae aegypti","IFA_42_25_1665.wav","testing","1","53.76","21-03-20 00:00","LC"
"ae aegypti","IFA_42_26_1666.wav","testing","4","15.3","21-03-20 00:00","LC"
"ae aegypti","IFA_42_27_1667.wav","training","1","5.12","21-03-20 00:00","LC"
"ae aegypti","IFA_42_28_1668.wav","training","2","5.06","21-03-20 00:00","LC"
"ae aegypti","IFA_42_29_1669.wav","validation","3","30.72","21-03-20 00:00","LC"
"ae aegypti","IFA_42_30_1670.wav","training","2","10.24","21-03-20 00:00","LC"
"ae aegypti","IFA_42_31_1671.wav","testing","1","5.12","21-03-20 00:00","LC"
"ae aegypti","IFA_42_32_1672.wav","testing","3","15.36","21-03-20 00:00","LC"
"ae aegypti","IFA_42_33_1673.wav","training","2","35.84","21-03-20 00:00","LC"
"ae aegypti","IFA_42_36_1676.wav","training","1","48.58","21-03-20 00:00","LC"
"ae aegypti","IFA_42_38_1678.wav","training","1","2.56","21-03-20 00:00","LC"
"ae aegypti","IFA_42_39_1679.wav","training","2","71.62","21-03-20 00:00","LC"
"an arabiensis","IFA_44_10_1730.wav","training","1","10.24","24-03-20 00:00","LT"
"an arabiensis","IFA_44_11_1731.wav","training","1","35.78","24-03-20 00:00","LT"
"an arabiensis","IFA_44_12_1732.wav","testing","2","33.22","24-03-20 00:00","LT"
"ae aegypti","IFA_44_34_1754.wav","testing","1","33.28","24-03-20 00:00","LC"
"ae aegypti","IFA_44_35_1755.wav","training","1","38.34","24-03-20 00:00","LC"
"ae aegypti","IFA_44_36_1756.wav","training","1","30.66","24-03-20 00:00","LC"
"ae aegypti","IFA_44_37_1757.wav","training","2","25.54","24-03-20 00:00","LC"
"ae aegypti","IFA_44_39_1759.wav","validation","1","25.54","24-03-20 00:00","LC"
"ae aegypti","IFA_44_40_1760.wav","testing","4","23.04","24-03-20 00:00","LC"
"ae aegypti","IFA_45_10_1770.wav","training","2","33.28","24-03-20 00:00","LC"
"ae aegypti","IFA_45_11_1771.wav","training","1","38.4","24-03-20 00:00","LC"
"ae aegypti","IFA_45_12_1772.wav","training","1","30.72","24-03-20 00:00","LC"
"ae aegypti","IFA_45_13_1773.wav","training","1","28.1","24-03-20 00:00","LC"
"ae aegypti","IFA_45_14_1774.wav","training","2","23.04","24-03-20 00:00","LC"
"ae aegypti","IFA_45_15_1775.wav","training","2","10.24","24-03-20 00:00","LC"
"ae aegypti","IFA_45_16_1776.wav","training","1","25.6","24-03-20 00:00","LC"
"ae aegypti","IFA_45_17_1777.wav","validation","1","30.66","24-03-20 00:00","LC"
"an arabiensis","IFA_45_23_1783.wav","validation","2","35.78","26-03-20 00:00","LT"
"an arabiensis","IFA_45_27_1787.wav","testing","4","40.9","26-03-20 00:00","LT"
"an arabiensis","IFA_45_31_1791.wav","validation","1","10.24","26-03-20 00:00","LT"
"an arabiensis","IFA_45_33_1793.wav","training","1","7.68","26-03-20 00:00","LT"
"an arabiensis","IFA_45_35_1795.wav","training","4","23.04","26-03-20 00:00","LT"
"an arabiensis","IFA_45_37_1797.wav","validation","2","25.54","26-03-20 00:00","LT"
"an arabiensis","IFA_45_38_1798.wav","training","1","43.52","26-03-20 00:00","LT"
"ae aegypti","IFA_46_12_1812.wav","training","1","7.68","26-03-20 00:00","LC"
"culex pipiens complex","IFA_46_23_1823.wav","training","3","12.74","26-03-20 00:00","LC"
"an arabiensis","IFA_47_16_1856.wav","testing","2","5.12","27-03-20 00:00","LT"
"culex pipiens complex","IFA_47_33_1873.wav","training","2","33.22","16-06-20 00:00","LT"
"ma uniformis","IFA_47_35_1875.wav","testing","1","2.56","16-06-20 00:00","LT"
"an arabiensis","IFA_48_10_1890.wav","validation","1","2.56","16-06-20 00:00","LT"
"an arabiensis","IFA_48_11_1891.wav","training","3","17.92","16-06-20 00:00","LT"
"an arabiensis","IFA_48_12_1892.wav","training","2","15.36","16-06-20 00:00","LT"
"an arabiensis","IFA_48_13_1893.wav","training","3","25.54","16-06-20 00:00","LT"
"an arabiensis","IFA_48_15_1895.wav","training","1","58.82","16-06-20 00:00","LT"
"an arabiensis","IFA_48_16_1896.wav","testing","1","35.78","16-06-20 00:00","LT"
"culex pipiens complex","IFA_48_19_1899.wav","training","2","30.66","16-06-20 00:00","LT"
"culex pipiens complex","IFA_48_20_1900.wav","validation","1","28.1","16-06-20 00:00","LT"
"culex pipiens complex","IFA_48_21_1901.wav","testing","1","28.1","16-06-20 00:00","LT"
"an arabiensis","IFA_48_22_1902.wav","validation","1","35.78","16-06-20 00:00","LT"
"an arabiensis","IFA_48_24_1904.wav","training","3","10.24","16-06-20 00:00","LT"
"culex pipiens complex","IFA_48_27_1907.wav","validation","2","5.12","16-06-20 00:00","LT"
"culex pipiens complex","IFA_48_28_1908.wav","training","2","30.72","16-06-20 00:00","LT"
"culex pipiens complex","IFA_48_29_1909.wav","training","1","2.56","16-06-20 00:00","LT"
"an arabiensis","IFA_48_30_1910.wav","validation","1","7.68","16-06-20 00:00","LT"
"ma uniformis","IFA_48_33_1913.wav","training","1","2.56","16-06-20 00:00","LT"
"culex pipiens complex","IFA_48_34_1914.wav","validation","2","28.16","16-06-20 00:00","LT"
"culex pipiens complex","IFA_49_10_1930.wav","training","1","28.16","16-06-20 00:00","LT"
"culex pipiens complex","IFA_49_11_1931.wav","training","4","15.36","16-06-20 00:00","LT"
"an arabiensis","IFA_49_18_1938.wav","training","3","23.04","17-06-20 00:00","LT"
"an arabiensis","IFA_49_19_1939.wav","training","3","35.84","17-06-20 00:00","LT"
"an arabiensis","IFA_49_23_1943.wav","training","1","23.04","17-06-20 00:00","LT"
"an arabiensis","IFA_49_24_1944.wav","training","1","35.78","17-06-20 00:00","LT"
"an arabiensis","IFA_49_25_1945.wav","validation","1","33.22","17-06-20 00:00","LT"
"an arabiensis","IFA_49_26_1946.wav","training","2","40.9","17-06-20 00:00","LT"
"an arabiensis","IFA_49_27_1947.wav","testing","1","38.34","17-06-20 00:00","LT"
"an arabiensis","IFA_49_28_1948.wav","validation","2","46.02","17-06-20 00:00","LT"
"an arabiensis","IFA_49_29_1949.wav","training","1","33.22","17-06-20 00:00","LT"
"an arabiensis","IFA_49_30_1950.wav","testing","2","28.1","17-06-20 00:00","LT"
"an arabiensis","IFA_49_31_1951.wav","training","1","38.34","17-06-20 00:00","LT"
"an arabiensis","IFA_49_32_1952.wav","testing","1","25.54","17-06-20 00:00","LT"
"an arabiensis","IFA_49_36_1956.wav","training","1","25.6","17-06-20 00:00","LT"
"an arabiensis","IFA_49_37_1957.wav","training","2","25.54","17-06-20 00:00","LT"
"an arabiensis","IFA_49_38_1958.wav","training","2","40.9","17-06-20 00:00","LT"
"an arabiensis","IFA_49_40_1960.wav","testing","1","28.1","17-06-20 00:00","LT"
"an arabiensis","IFA_50_10_1970.wav","training","4","35.84","17-06-20 00:00","LT"
"an arabiensis","IFA_50_14_1974.wav","testing","2","30.66","17-06-20 00:00","LT"
"an arabiensis","IFA_50_21_1981.wav","validation","1","5.12","17-06-20 00:00","LT"
"an arabiensis","IFA_50_22_1982.wav","testing","1","15.36","17-06-20 00:00","LT"
"an arabiensis","IFA_50_23_1983.wav","testing","3","17.92","17-06-20 00:00","LT"
"an arabiensis","IFA_50_28_1988.wav","training","1","30.66","17-06-20 00:00","LT"
"culex pipiens complex","IFA_50_29_1989.wav","testing","1","33.28","17-06-20 00:00","LT"
"culex pipiens complex","IFA_50_31_1991.wav","validation","2","7.62","17-06-20 00:00","LT"
"culex pipiens complex","IFA_50_32_1992.wav","training","2","43.52","17-06-20 00:00","LT"
"culex pipiens complex","IFA_50_33_1993.wav","validation","1","30.72","17-06-20 00:00","LT"
"culex pipiens complex","IFA_50_35_1995.wav","training","2","35.84","17-06-20 00:00","LT"
"ma uniformis","IFA_50_36_1996.wav","training","1","17.92","17-06-20 00:00","LT"
"culex pipiens complex","IFA_50_37_1997.wav","validation","1","25.54","17-06-20 00:00","LT"
"culex pipiens complex","IFA_50_38_1998.wav","training","1","20.42","17-06-20 00:00","LT"
"culex pipiens complex","IFA_50_40_2000.wav","validation","1","28.1","17-06-20 00:00","LT"
"culex pipiens complex","IFA_51_12_2012.wav","training","1","33.22","17-06-20 00:00","LT"
"culex pipiens complex","IFA_51_13_2013.wav","training","2","20.48","17-06-20 00:00","LT"
"culex pipiens complex","IFA_51_14_2014.wav","training","1","46.02","17-06-20 00:00","LT"
"an arabiensis","IFA_51_19_2019.wav","training","1","2.56","21-06-20 00:00","LT"
"an arabiensis","IFA_51_20_2020.wav","training","1","2.56","21-06-20 00:00","LT"
"an arabiensis","IFA_51_21_2021.wav","training","2","5.12","21-06-20 00:00","LT"
"an arabiensis","IFA_51_22_2022.wav","validation","2","20.48","21-06-20 00:00","LT"
"an arabiensis","IFA_51_24_2024.wav","training","1","2.56","21-06-20 00:00","LT"
"an arabiensis","IFA_51_28_2028.wav","validation","2","7.68","21-06-20 00:00","LT"
"an arabiensis","IFA_51_30_2030.wav","training","2","25.54","21-06-20 00:00","LT"
"an arabiensis","IFA_51_31_2031.wav","training","1","35.78","21-06-20 00:00","LT"
"an arabiensis","IFA_51_32_2032.wav","training","2","12.74","21-06-20 00:00","LT"
"an arabiensis","IFA_51_34_2034.wav","validation","1","28.16","21-06-20 00:00","LT"
"an arabiensis","IFA_51_35_2035.wav","training","2","40.9","21-06-20 00:00","LT"
"an arabiensis","IFA_51_36_2036.wav","training","1","35.78","21-06-20 00:00","LT"
"an arabiensis","IFA_51_37_2037.wav","testing","4","20.42","21-06-20 00:00","LT"
"an arabiensis","IFA_51_38_2038.wav","training","1","48.58","21-06-20 00:00","LT"
"an arabiensis","IFA_51_39_2039.wav","training","2","25.54","21-06-20 00:00","LT"
"an arabiensis","IFA_51_40_2040.wav","training","1","10.24","21-06-20 00:00","LT"
"an arabiensis","IFA_52_10_2050.wav","training","3","17.86","21-06-20 00:00","LT"
"an arabiensis","IFA_52_11_2051.wav","validation","3","30.66","21-06-20 00:00","LT"
"culex pipiens complex","IFA_52_12_2052.wav","training","1","30.66","21-06-20 00:00","LT"
"an arabiensis","IFA_52_13_2053.wav","training","2","40.9","21-06-20 00:00","LT"
"culex pipiens complex","IFA_52_15_2055.wav","training","2","28.16","21-06-20 00:00","LT"
"an arabiensis","IFA_52_18_2058.wav","training","1","51.14","21-06-20 00:00","LT"
"an arabiensis","IFA_52_20_2060.wav","training","1","48.58","21-06-20 00:00","LT"
"an arabiensis","IFA_52_21_2061.wav","training","1","7.68","21-06-20 00:00","LT"
"an arabiensis","IFA_52_24_2064.wav","validation","1","30.66","21-06-20 00:00","LT"
"an arabiensis","IFA_52_25_2065.wav","testing","1","43.52","21-06-20 00:00","LT"
"an arabiensis","IFA_52_27_2067.wav","training","2","33.28","21-06-20 00:00","LT"
"an arabiensis","IFA_52_29_2069.wav","validation","1","35.84","21-06-20 00:00","LT"
"an arabiensis","IFA_52_30_2070.wav","training","1","38.34","21-06-20 00:00","LT"
"an arabiensis","IFA_52_31_2071.wav","testing","2","23.04","21-06-20 00:00","LT"
"an arabiensis","IFA_52_32_2072.wav","testing","4","30.72","21-06-20 00:00","LT"
"culex pipiens complex","IFA_52_33_2073.wav","training","3","33.22","21-06-20 00:00","LT"
"an arabiensis","IFA_52_35_2075.wav","training","2","17.92","21-06-20 00:00","LT"
"an arabiensis","IFA_52_38_2078.wav","validation","4","35.78","21-06-20 00:00","LT"
"an arabiensis","IFA_52_39_2079.wav","training","2","15.36","21-06-20 00:00","LT"
"an arabiensis","IFA_52_40_2080.wav","training","1","2.56","21-06-20 00:00","LT"
"an arabiensis","IFA_53_10_2090.wav","training","3","12.8","22-06-20 00:00","LT"
"an arabiensis","IFA_53_11_2091.wav","validation","2","35.84","22-06-20 00:00","LT"
"ma uniformis","IFA_53_12_2092.wav","validation","1","25.6","22-06-20 00:00","LT"
"an arabiensis","IFA_53_14_2094.wav","training","1","38.34","22-06-20 00:00","LT"
"an arabiensis","IFA_53_15_2095.wav","training","1","17.86","22-06-20 00:00","LT"
"an arabiensis","IFA_53_16_2096.wav","validation","1","38.34","22-06-20 00:00","LT"
"culex pipiens complex","IFA_53_18_2098.wav","testing","1","30.66","22-06-20 00:00","LT"
"culex pipiens complex","IFA_53_26_2106.wav","testing","1","30.72","22-06-20 00:00","LT"
"culex pipiens complex","IFA_53_28_2108.wav","training","2","20.42","22-06-20 00:00","LT"
"culex pipiens complex","IFA_53_34_2114.wav","training","1","5.06","22-06-20 00:00","LT"
"an arabiensis","IFA_53_36_2116.wav","training","1","12.8","22-06-20 00:00","LT"
"culex pipiens complex","IFA_53_37_2117.wav","validation","2","7.68","22-06-20 00:00","LT"
"culex pipiens complex","IFA_53_38_2118.wav","validation","2","7.68","22-06-20 00:00","LT"
"culex pipiens complex","IFA_53_39_2119.wav","training","1","2.56","22-06-20 00:00","LT"
"an arabiensis","IFA_54_12_2132.wav","testing","1","46.02","22-06-20 00:00","LT"
"an arabiensis","IFA_54_13_2133.wav","training","1","25.6","22-06-20 00:00","LT"
"ma uniformis","IFA_54_14_2134.wav","validation","2","22.98","22-06-20 00:00","LT"
"an arabiensis","IFA_54_15_2135.wav","validation","1","25.54","22-06-20 00:00","LT"
"ma uniformis","IFA_54_17_2137.wav","training","2","40.96","22-06-20 00:00","LT"
"an arabiensis","IFA_54_18_2138.wav","training","1","28.1","22-06-20 00:00","LT"
"an arabiensis","IFA_54_19_2139.wav","training","1","35.78","22-06-20 00:00","LT"
"ma uniformis","IFA_54_23_2143.wav","validation","1","33.22","22-06-20 00:00","LT"
"culex pipiens complex","IFA_54_25_2145.wav","training","1","30.66","22-06-20 00:00","LT"
"culex pipiens complex","IFA_54_26_2146.wav","training","1","33.22","22-06-20 00:00","LT"
"culex pipiens complex","IFA_54_27_2147.wav","training","1","33.28","22-06-20 00:00","LT"
"culex pipiens complex","IFA_54_28_2148.wav","validation","2","28.1","22-06-20 00:00","LT"
"culex pipiens complex","IFA_54_29_2149.wav","training","1","35.78","22-06-20 00:00","LT"
"culex pipiens complex","IFA_54_30_2150.wav","training","1","43.46","22-06-20 00:00","LT"
"an arabiensis","IFA_54_31_2151.wav","training","1","33.22","23-06-20 00:00","LT"
"an arabiensis","IFA_54_32_2152.wav","training","1","35.78","23-06-20 00:00","LT"
"an arabiensis","IFA_54_33_2153.wav","training","2","38.4","23-06-20 00:00","LT"
"an arabiensis","IFA_54_34_2154.wav","training","1","35.78","23-06-20 00:00","LT"
"an arabiensis","IFA_54_37_2157.wav","validation","1","38.34","23-06-20 00:00","LT"
"an arabiensis","IFA_54_38_2158.wav","testing","2","22.98","23-06-20 00:00","LT"
"culex pipiens complex","IFA_55_10_2170.wav","training","1","35.78","23-06-20 00:00","LT"
"culex pipiens complex","IFA_55_11_2171.wav","training","1","25.54","23-06-20 00:00","LT"
"culex pipiens complex","IFA_55_12_2172.wav","training","2","20.42","23-06-20 00:00","LT"
"an arabiensis","IFA_55_14_2174.wav","testing","1","28.1","23-06-20 00:00","LT"
"culex pipiens complex","IFA_55_15_2175.wav","training","1","35.84","23-06-20 00:00","LT"
"an arabiensis","IFA_55_16_2176.wav","validation","2","22.98","23-06-20 00:00","LT"
"culex pipiens complex","IFA_55_17_2177.wav","training","2","25.6","23-06-20 00:00","LT"
"culex pipiens complex","IFA_55_19_2179.wav","training","2","20.48","23-06-20 00:00","LT"
"an arabiensis","IFA_55_20_2180.wav","validation","1","10.24","23-06-20 00:00","LT"
"culex pipiens complex","IFA_55_22_2182.wav","testing","1","38.34","23-06-20 00:00","LT"
"culex pipiens complex","IFA_55_24_2184.wav","training","2","28.16","23-06-20 00:00","LT"
"culex pipiens complex","IFA_55_25_2185.wav","training","2","12.74","23-06-20 00:00","LT"
"culex pipiens complex","IFA_55_26_2186.wav","validation","2","10.18","23-06-20 00:00","LT"
"an arabiensis","IFA_55_29_2189.wav","training","1","25.54","23-06-20 00:00","LT"
"an arabiensis","IFA_55_30_2190.wav","training","3","35.78","23-06-20 00:00","LT"
"culex pipiens complex","IFA_55_31_2191.wav","testing","1","7.62","23-06-20 00:00","LT"
"culex pipiens complex","IFA_55_33_2193.wav","testing","1","25.54","23-06-20 00:00","LT"
"ma uniformis","IFA_55_37_2197.wav","validation","1","10.24","23-06-20 00:00","LT"
"ma uniformis","IFA_55_38_2198.wav","training","2","5.12","23-06-20 00:00","LT"
"culex pipiens complex","IFA_55_40_2200.wav","validation","1","33.22","23-06-20 00:00","LT"
"culex pipiens complex","IFA_56_13_2213.wav","training","1","23.04","23-06-20 00:00","LT"
"culex pipiens complex","IFA_56_15_2215.wav","testing","1","30.72","23-06-20 00:00","LT"
"culex pipiens complex","IFA_56_16_2216.wav","training","1","28.16","23-06-20 00:00","LT"
"culex pipiens complex","IFA_56_18_2218.wav","training","1","5.12","23-06-20 00:00","LT"
"culex pipiens complex","IFA_56_19_2219.wav","testing","1","5.12","23-06-20 00:00","LT"
"culex pipiens complex","IFA_56_21_2221.wav","training","1","7.68","23-06-20 00:00","LT"
"culex pipiens complex","IFA_56_27_2227.wav","training","1","25.54","23-06-20 00:00","LT"
"culex pipiens complex","IFA_56_28_2228.wav","validation","1","33.22","23-06-20 00:00","LT"
"culex pipiens complex","IFA_56_29_2229.wav","validation","2","35.78","23-06-20 00:00","LT"
"culex pipiens complex","IFA_56_32_2232.wav","training","2","33.28","28-06-20 00:00","LT"
"an arabiensis","IFA_56_40_2240.wav","training","1","35.78","28-06-20 00:00","LT"
"an arabiensis","IFA_57_10_2250.wav","testing","1","38.34","28-06-20 00:00","LT"
"culex pipiens complex","IFA_57_12_2252.wav","training","1","25.6","28-06-20 00:00","LT"
"an arabiensis","IFA_57_16_2256.wav","validation","2","12.8","28-06-20 00:00","LT"
"culex pipiens complex","IFA_57_17_2257.wav","training","2","30.66","28-06-20 00:00","LT"
"an arabiensis","IFA_57_18_2258.wav","training","1","33.28","28-06-20 00:00","LT"
"an arabiensis","IFA_57_20_2260.wav","training","2","35.78","28-06-20 00:00","LT"
"culex pipiens complex","IFA_57_22_2262.wav","training","2","10.24","28-06-20 00:00","LT"
"culex pipiens complex","IFA_57_23_2263.wav","testing","2","7.68","28-06-20 00:00","LT"
"an arabiensis","IFA_57_24_2264.wav","training","1","7.68","28-06-20 00:00","LT"
"culex pipiens complex","IFA_57_26_2266.wav","training","1","33.22","28-06-20 00:00","LT"
"culex pipiens complex","IFA_57_30_2270.wav","training","1","38.4","28-06-20 00:00","LT"
"culex pipiens complex","IFA_57_32_2272.wav","training","2","17.92","28-06-20 00:00","LT"
"culex pipiens complex","IFA_57_33_2273.wav","validation","4","10.24","28-06-20 00:00","LT"
"culex pipiens complex","IFA_57_35_2275.wav","training","1","35.78","28-06-20 00:00","LT"
"culex pipiens complex","IFA_57_36_2276.wav","testing","1","33.28","28-06-20 00:00","LT"
"culex pipiens complex","IFA_57_37_2277.wav","testing","1","48.58","28-06-20 00:00","LT"
"culex pipiens complex","IFA_57_38_2278.wav","training","1","38.34","28-06-20 00:00","LT"
"culex pipiens complex","IFA_57_39_2279.wav","testing","1","33.22","28-06-20 00:00","LT"
"culex pipiens complex","IFA_57_40_2280.wav","testing","1","2.56","28-06-20 00:00","LT"
"an arabiensis","IFA_58_24_2304.wav","training","3","40.96","29-06-20 00:00","LT"
"an arabiensis","IFA_58_29_2309.wav","validation","1","30.72","29-06-20 00:00","LT"
"culex pipiens complex","IFA_58_40_2320.wav","training","1","43.46","29-06-20 00:00","LT"
"culex pipiens complex","IFA_59_10_2330.wav","testing","1","46.02","29-06-20 00:00","LT"
"culex pipiens complex","IFA_59_11_2331.wav","testing","1","28.1","29-06-20 00:00","LT"
"culex pipiens complex","IFA_59_12_2332.wav","training","2","23.04","29-06-20 00:00","LT"
"culex pipiens complex","IFA_59_13_2333.wav","testing","1","28.1","29-06-20 00:00","LT"
"culex pipiens complex","IFA_59_14_2334.wav","training","1","30.66","29-06-20 00:00","LT"
"culex pipiens complex","IFA_59_15_2335.wav","training","1","40.9","29-06-20 00:00","LT"
"culex pipiens complex","IFA_59_16_2336.wav","validation","1","43.46","29-06-20 00:00","LT"
"culex pipiens complex","IFA_59_17_2337.wav","training","1","25.54","29-06-20 00:00","LT"
"culex pipiens complex","IFA_59_18_2338.wav","testing","1","30.66","29-06-20 00:00","LT"
"culex pipiens complex","IFA_59_19_2339.wav","testing","1","38.34","29-06-20 00:00","LT"
"culex pipiens complex","IFA_59_20_2340.wav","testing","2","25.54","29-06-20 00:00","LT"
"culex pipiens complex","IFA_59_21_2341.wav","training","1","28.1","29-06-20 00:00","LT"
"culex pipiens complex","IFA_59_22_2342.wav","validation","1","33.22","29-06-20 00:00","LT"
"culex pipiens complex","IFA_59_23_2343.wav","training","2","12.8","29-06-20 00:00","LT"
"culex pipiens complex","IFA_59_25_2345.wav","training","1","2.56","29-06-20 00:00","LT"
"culex pipiens complex","IFA_59_26_2346.wav","training","1","5.12","29-06-20 00:00","LT"
"culex pipiens complex","IFA_59_28_2348.wav","training","3","10.24","29-06-20 00:00","LT"
"culex pipiens complex","IFA_59_30_2350.wav","validation","3","12.8","29-06-20 00:00","LT"
"an arabiensis","IFA_60_13_2373.wav","testing","1","35.78","30-06-20 00:00","LT"
"culex pipiens complex","IFA_60_24_2384.wav","training","3","28.16","30-06-20 00:00","LT"
"culex pipiens complex","IFA_60_25_2385.wav","training","1","22.98","30-06-20 00:00","LT"
"culex pipiens complex","IFA_60_26_2386.wav","training","1","28.16","30-06-20 00:00","LT"
"culex pipiens complex","IFA_60_27_2387.wav","validation","1","25.6","30-06-20 00:00","LT"
"culex pipiens complex","IFA_60_28_2388.wav","training","2","28.1","30-06-20 00:00","LT"
"culex pipiens complex","IFA_60_29_2389.wav","training","1","23.04","30-06-20 00:00","LT"
"culex pipiens complex","IFA_60_30_2390.wav","training","1","28.16","30-06-20 00:00","LT"
"culex pipiens complex","IFA_60_31_2391.wav","training","1","35.78","30-06-20 00:00","LT"
"culex pipiens complex","IFA_60_32_2392.wav","testing","1","28.1","30-06-20 00:00","LT"
"culex pipiens complex","IFA_60_33_2393.wav","training","1","25.54","30-06-20 00:00","LT"
"culex pipiens complex","IFA_60_34_2394.wav","training","1","17.92","30-06-20 00:00","LT"
"culex pipiens complex","IFA_60_35_2395.wav","training","1","23.04","30-06-20 00:00","LT"
"culex pipiens complex","IFA_60_36_2396.wav","training","2","30.66","30-06-20 00:00","LT"
"culex pipiens complex","IFA_60_37_2397.wav","training","2","17.92","30-06-20 00:00","LT"
"culex pipiens complex","IFA_60_38_2398.wav","training","4","46.02","30-06-20 00:00","LT"
"culex pipiens complex","IFA_60_39_2399.wav","testing","2","25.6","30-06-20 00:00","LT"
"culex pipiens complex","IFA_60_40_2400.wav","validation","2","30.66","30-06-20 00:00","LT"
"an arabiensis","IFA_61_11_2411.wav","testing","7","33.22","05-07-20 00:00","LT"
"an arabiensis","IFA_61_12_2412.wav","training","2","40.9","05-07-20 00:00","LT"
"an arabiensis","IFA_61_13_2413.wav","testing","2","33.22","05-07-20 00:00","LT"
"an arabiensis","IFA_61_16_2416.wav","training","1","2.56","05-07-20 00:00","LT"
"culex pipiens complex","IFA_61_19_2419.wav","testing","2","12.8","05-07-20 00:00","LT"
"culex pipiens complex","IFA_61_20_2420.wav","testing","1","23.04","05-07-20 00:00","LT"
"an arabiensis","IFA_61_21_2421.wav","validation","3","10.24","05-07-20 00:00","LT"
"an arabiensis","IFA_61_22_2422.wav","training","1","10.24","05-07-20 00:00","LT"
"an arabiensis","IFA_61_25_2425.wav","validation","2","12.8","05-07-20 00:00","LT"
"culex pipiens complex","IFA_61_27_2427.wav","validation","1","7.68","05-07-20 00:00","LT"
"culex pipiens complex","IFA_61_28_2428.wav","training","4","23.04","05-07-20 00:00","LT"
"culex pipiens complex","IFA_61_29_2429.wav","training","2","10.24","05-07-20 00:00","LT"
"culex pipiens complex","IFA_61_30_2430.wav","validation","1","2.56","05-07-20 00:00","LT"
"an arabiensis","IFA_61_31_2431.wav","testing","1","30.66","06-07-20 00:00","LT"
"an arabiensis","IFA_61_34_2434.wav","training","2","23.04","06-07-20 00:00","LT"
"an arabiensis","IFA_61_35_2435.wav","testing","1","56.26","06-07-20 00:00","LT"
"culex pipiens complex","IFA_61_36_2436.wav","validation","1","25.54","06-07-20 00:00","LT"
"an arabiensis","IFA_61_39_2439.wav","training","2","43.46","06-07-20 00:00","LT"
"an arabiensis","IFA_61_40_2440.wav","training","2","38.34","06-07-20 00:00","LT"
"an arabiensis","IFA_62_11_2451.wav","validation","1","30.72","06-07-20 00:00","LT"
"an arabiensis","IFA_62_13_2453.wav","training","4","33.22","07-07-20 00:00","LT"
"an arabiensis","IFA_62_14_2454.wav","training","1","30.72","07-07-20 00:00","LT"
"an arabiensis","IFA_62_15_2455.wav","validation","1","30.66","07-07-20 00:00","LT"
"an arabiensis","IFA_62_17_2457.wav","training","2","38.34","07-07-20 00:00","LT"
"an arabiensis","IFA_62_18_2458.wav","training","1","33.22","07-07-20 00:00","LT"
"an arabiensis","IFA_62_19_2459.wav","testing","1","35.84","07-07-20 00:00","LT"
"an arabiensis","IFA_62_20_2460.wav","validation","1","30.66","07-07-20 00:00","LT"
"an arabiensis","IFA_62_21_2461.wav","training","1","30.66","07-07-20 00:00","LT"
"an arabiensis","IFA_62_22_2462.wav","training","1","30.66","07-07-20 00:00","LT"
"an arabiensis","IFA_62_23_2463.wav","validation","1","30.66","07-07-20 00:00","LT"
"an arabiensis","IFA_62_24_2464.wav","training","3","28.1","07-07-20 00:00","LT"
"an arabiensis","IFA_62_25_2465.wav","testing","1","48.58","07-07-20 00:00","LT"
"an arabiensis","IFA_62_27_2467.wav","testing","2","51.2","07-07-20 00:00","LT"
"an arabiensis","IFA_62_28_2468.wav","testing","2","22.98","07-07-20 00:00","LT"
"an arabiensis","IFA_62_29_2469.wav","training","1","38.34","07-07-20 00:00","LT"
"an arabiensis","IFA_62_31_2471.wav","training","1","43.46","07-07-20 00:00","LT"
"an arabiensis","IFA_62_32_2472.wav","validation","2","35.84","07-07-20 00:00","LT"
"an arabiensis","IFA_62_33_2473.wav","testing","1","33.22","07-07-20 00:00","LT"
"an arabiensis","IFA_62_34_2474.wav","training","1","28.1","07-07-20 00:00","LT"
"an arabiensis","IFA_62_35_2475.wav","training","1","33.22","07-07-20 00:00","LT"
"an arabiensis","IFA_62_36_2476.wav","testing","1","43.46","07-07-20 00:00","LT"
"an arabiensis","IFA_62_37_2477.wav","training","1","30.72","07-07-20 00:00","LT"
"an arabiensis","IFA_62_39_2479.wav","training","1","30.66","07-07-20 00:00","LT"
"an arabiensis","IFA_62_40_2480.wav","training","1","43.46","07-07-20 00:00","LT"
"an arabiensis","IFA_63_10_2490.wav","training","1","35.84","07-07-20 00:00","LT"
"an arabiensis","IFA_63_20_2500.wav","training","2","33.28","07-07-20 00:00","LT"
"an arabiensis","IFA_63_21_2501.wav","validation","2","12.8","07-07-20 00:00","LT"
"culex pipiens complex","IFA_63_22_2502.wav","training","1","46.08","07-07-20 00:00","LT"
"culex pipiens complex","IFA_63_23_2503.wav","training","2","35.84","07-07-20 00:00","LT"
"an arabiensis","IFA_63_24_2504.wav","training","1","40.96","07-07-20 00:00","LT"
"culex pipiens complex","IFA_63_27_2507.wav","validation","4","33.28","07-07-20 00:00","LT"
"an arabiensis","IFA_63_28_2508.wav","validation","2","33.28","07-07-20 00:00","LT"
"an arabiensis","IFA_63_29_2509.wav","testing","2","15.36","07-07-20 00:00","LT"
"an arabiensis","IFA_63_33_2513.wav","validation","4","30.66","07-07-20 00:00","LT"
"an arabiensis","IFA_63_34_2514.wav","training","1","35.84","07-07-20 00:00","LT"
"culex pipiens complex","IFA_63_36_2516.wav","training","2","15.36","07-07-20 00:00","LT"
"culex pipiens complex","IFA_63_37_2517.wav","training","1","40.9","07-07-20 00:00","LT"
"an arabiensis","IFA_63_38_2518.wav","validation","3","33.22","07-07-20 00:00","LT"
"an arabiensis","IFA_63_40_2520.wav","testing","2","25.6","07-07-20 00:00","LT"
"an arabiensis","IFA_64_10_2530.wav","validation","3","35.78","12-07-20 00:00","LT"
"an arabiensis","IFA_64_11_2531.wav","training","1","12.8","12-07-20 00:00","LT"
"an arabiensis","IFA_64_12_2532.wav","training","2","48.58","12-07-20 00:00","LT"
"an arabiensis","IFA_64_13_2533.wav","validation","2","43.52","12-07-20 00:00","LT"
"an arabiensis","IFA_64_14_2534.wav","training","1","35.84","12-07-20 00:00","LT"
"an arabiensis","IFA_64_17_2537.wav","training","1","30.72","12-07-20 00:00","LT"
"an arabiensis","IFA_64_22_2542.wav","training","2","40.9","12-07-20 00:00","LT"
"culex pipiens complex","IFA_64_23_2543.wav","training","1","35.84","12-07-20 00:00","LT"
"an arabiensis","IFA_64_30_2550.wav","training","2","35.84","13-07-20 00:00","LT"
"an arabiensis","IFA_64_31_2551.wav","testing","2","25.6","13-07-20 00:00","LT"
"an arabiensis","IFA_64_32_2552.wav","training","1","33.28","13-07-20 00:00","LT"
"an arabiensis","IFA_64_33_2553.wav","training","2","28.16","13-07-20 00:00","LT"
"an arabiensis","IFA_64_34_2554.wav","validation","3","25.6","13-07-20 00:00","LT"
"an arabiensis","IFA_64_35_2555.wav","validation","2","12.8","13-07-20 00:00","LT"
"an arabiensis","IFA_64_36_2556.wav","testing","4","33.28","13-07-20 00:00","LT"
"an arabiensis","IFA_64_37_2557.wav","validation","1","38.4","13-07-20 00:00","LT"
"an arabiensis","IFA_64_38_2558.wav","validation","1","30.66","13-07-20 00:00","LT"
"an arabiensis","IFA_64_39_2559.wav","testing","1","5.06","13-07-20 00:00","LT"
"an arabiensis","IFA_64_40_2560.wav","training","2","30.72","13-07-20 00:00","LT"
"an arabiensis","IFA_65_10_2570.wav","testing","3","35.84","13-07-20 00:00","LT"
"an arabiensis","IFA_65_11_2571.wav","training","2","23.04","13-07-20 00:00","LT"
"an arabiensis","IFA_65_12_2572.wav","training","2","20.48","13-07-20 00:00","LT"
"an arabiensis","IFA_65_13_2573.wav","testing","2","25.6","13-07-20 00:00","LT"
"an arabiensis","IFA_65_15_2575.wav","training","1","25.54","13-07-20 00:00","LT"
"an arabiensis","IFA_65_21_2581.wav","training","1","38.34","13-07-20 00:00","LT"
"culex pipiens complex","IFA_65_23_2583.wav","validation","2","33.22","13-07-20 00:00","LT"
"an arabiensis","IFA_65_24_2584.wav","training","1","48.58","13-07-20 00:00","LT"
"an arabiensis","IFA_65_25_2585.wav","training","1","51.2","13-07-20 00:00","LT"
"an arabiensis","IFA_65_28_2588.wav","training","1","12.8","13-07-20 00:00","LT"
"culex pipiens complex","IFA_65_33_2593.wav","validation","1","48.58","13-07-20 00:00","LT"
"culex pipiens complex","IFA_65_34_2594.wav","training","3","40.96","13-07-20 00:00","LT"
"culex pipiens complex","IFA_65_35_2595.wav","testing","1","40.96","13-07-20 00:00","LT"
"culex pipiens complex","IFA_65_37_2597.wav","training","2","35.84","13-07-20 00:00","LT"
"culex pipiens complex","IFA_65_38_2598.wav","training","2","23.04","13-07-20 00:00","LT"
"culex pipiens complex","IFA_65_39_2599.wav","testing","2","30.72","13-07-20 00:00","LT"
"an arabiensis","IFA_65_40_2600.wav","training","1","48.58","14-07-20 00:00","LT"
"an arabiensis","IFA_66_10_2610.wav","validation","3","40.96","14-07-20 00:00","LT"
"an arabiensis","IFA_66_11_2611.wav","training","1","33.22","14-07-20 00:00","LT"
"an arabiensis","IFA_66_12_2612.wav","testing","1","43.52","14-07-20 00:00","LT"
"an arabiensis","IFA_66_13_2613.wav","training","1","46.02","14-07-20 00:00","LT"
"an arabiensis","IFA_66_14_2614.wav","training","1","40.96","14-07-20 00:00","LT"
"an arabiensis","IFA_66_15_2615.wav","testing","1","30.66","14-07-20 00:00","LT"
"an arabiensis","IFA_66_16_2616.wav","training","1","33.28","14-07-20 00:00","LT"
"an arabiensis","IFA_66_17_2617.wav","validation","1","40.9","14-07-20 00:00","LT"
"an arabiensis","IFA_66_18_2618.wav","training","1","40.9","14-07-20 00:00","LT"
"an arabiensis","IFA_66_19_2619.wav","validation","1","33.22","14-07-20 00:00","LT"
"an arabiensis","IFA_66_20_2620.wav","training","1","33.22","14-07-20 00:00","LT"
"an arabiensis","IFA_66_21_2621.wav","training","1","38.4","14-07-20 00:00","LT"
"an arabiensis","IFA_66_22_2622.wav","training","1","38.34","14-07-20 00:00","LT"
"an arabiensis","IFA_66_23_2623.wav","training","1","30.72","14-07-20 00:00","LT"
"an arabiensis","IFA_66_25_2625.wav","training","1","48.58","14-07-20 00:00","LT"
"an arabiensis","IFA_66_26_2626.wav","training","1","43.52","14-07-20 00:00","LT"
"an arabiensis","IFA_66_27_2627.wav","testing","1","43.46","14-07-20 00:00","LT"
"an arabiensis","IFA_66_28_2628.wav","training","1","43.46","14-07-20 00:00","LT"
"an arabiensis","IFA_66_29_2629.wav","training","1","46.02","14-07-20 00:00","LT"
"an arabiensis","IFA_66_30_2630.wav","training","1","40.9","14-07-20 00:00","LT"
"an arabiensis","IFA_66_32_2632.wav","testing","1","33.22","14-07-20 00:00","LT"
"an arabiensis","IFA_66_33_2633.wav","testing","1","51.14","14-07-20 00:00","LT"
"an arabiensis","IFA_66_34_2634.wav","training","1","53.7","14-07-20 00:00","LT"
"an arabiensis","IFA_66_36_2636.wav","validation","2","38.4","14-07-20 00:00","LT"
"an arabiensis","IFA_66_38_2638.wav","training","2","17.92","14-07-20 00:00","LT"
"an arabiensis","IFA_66_39_2639.wav","validation","1","38.4","14-07-20 00:00","LT"
"an arabiensis","IFA_67_10_2650.wav","training","2","5.12","14-07-20 00:00","LT"
"an arabiensis","IFA_67_11_2651.wav","validation","1","43.52","14-07-20 00:00","LT"
"an arabiensis","IFA_67_12_2652.wav","testing","1","33.28","14-07-20 00:00","LT"
"an arabiensis","IFA_67_15_2655.wav","training","3","15.36","14-07-20 00:00","LT"
"an arabiensis","IFA_67_17_2657.wav","training","2","35.84","14-07-20 00:00","LT"
"an arabiensis","IFA_67_19_2659.wav","training","2","33.22","14-07-20 00:00","LT"
"an arabiensis","IFA_67_20_2660.wav","testing","2","30.72","14-07-20 00:00","LT"
"an arabiensis","IFA_67_21_2661.wav","testing","2","12.8","14-07-20 00:00","LT"
"an arabiensis","IFA_67_23_2663.wav","training","1","5.12","14-07-20 00:00","LT"
"culex pipiens complex","IFA_67_24_2664.wav","validation","1","20.48","14-07-20 00:00","LT"
"an arabiensis","IFA_67_27_2667.wav","validation","1","40.96","14-07-20 00:00","LT"
"an arabiensis","IFA_67_29_2669.wav","training","2","33.28","14-07-20 00:00","LT"
"an arabiensis","IFA_68_20_2700.wav","validation","1","46.02","19-07-20 00:00","LT"
"ma uniformis","IFA_68_35_2715.wav","training","3","28.16","19-07-20 00:00","LT"
"an arabiensis","IFA_68_40_2720.wav","validation","1","40.9","19-07-20 00:00","LT"
"an arabiensis","IFA_69_13_2733.wav","testing","1","46.08","19-07-20 00:00","LT"
"ma uniformis","IFA_69_14_2734.wav","training","2","56.26","19-07-20 00:00","LT"
"culex pipiens complex","IFA_69_15_2735.wav","training","1","43.46","19-07-20 00:00","LT"
"culex pipiens complex","IFA_69_21_2741.wav","training","2","35.78","19-07-20 00:00","LT"
"culex pipiens complex","IFA_69_23_2743.wav","training","1","43.46","19-07-20 00:00","LT"
"an arabiensis","IFA_69_25_2745.wav","testing","1","35.78","19-07-20 00:00","LT"
"an arabiensis","IFA_69_26_2746.wav","training","1","25.54","20-07-20 00:00","LT"
"culex pipiens complex","IFA_69_28_2748.wav","validation","2","43.46","20-07-20 00:00","LT"
"an arabiensis","IFA_69_29_2749.wav","validation","2","25.6","20-07-20 00:00","LT"
"an arabiensis","IFA_69_32_2752.wav","training","1","38.4","20-07-20 00:00","LT"
"an arabiensis","IFA_69_33_2753.wav","training","1","38.34","20-07-20 00:00","LT"
"an arabiensis","IFA_69_35_2755.wav","training","3","30.72","20-07-20 00:00","LT"
"an arabiensis","IFA_70_10_2770.wav","testing","1","35.78","20-07-20 00:00","LT"
"an arabiensis","IFA_70_11_2771.wav","validation","3","20.48","20-07-20 00:00","LT"
"an arabiensis","IFA_70_12_2772.wav","training","1","33.22","20-07-20 00:00","LT"
"an arabiensis","IFA_70_16_2776.wav","training","1","33.28","20-07-20 00:00","LT"
"culex pipiens complex","IFA_70_19_2779.wav","testing","1","25.6","20-07-20 00:00","LT"
"culex pipiens complex","IFA_70_20_2780.wav","testing","1","30.72","20-07-20 00:00","LT"
"culex pipiens complex","IFA_70_21_2781.wav","training","1","28.16","20-07-20 00:00","LT"
"culex pipiens complex","IFA_70_22_2782.wav","testing","1","28.16","20-07-20 00:00","LT"
"an arabiensis","IFA_70_26_2786.wav","testing","1","46.02","21-07-20 00:00","LT"
"an arabiensis","IFA_70_29_2789.wav","training","1","30.66","21-07-20 00:00","LT"
"an arabiensis","IFA_70_32_2792.wav","testing","1","43.46","21-07-20 00:00","LT"
"an arabiensis","IFA_70_33_2793.wav","training","1","46.02","21-07-20 00:00","LT"
"an arabiensis","IFA_70_34_2794.wav","training","1","53.7","21-07-20 00:00","LT"
"an arabiensis","IFA_70_35_2795.wav","training","1","53.7","21-07-20 00:00","LT"
"an arabiensis","IFA_70_36_2796.wav","testing","1","48.64","21-07-20 00:00","LT"
"an arabiensis","IFA_70_38_2798.wav","training","2","40.96","21-07-20 00:00","LT"
"an arabiensis","IFA_70_39_2799.wav","training","1","79.36","21-07-20 00:00","LT"
"an arabiensis","IFA_70_40_2800.wav","training","1","40.9","21-07-20 00:00","LT"
"an arabiensis","IFA_71_10_2810.wav","training","1","40.96","21-07-20 00:00","LT"
"an arabiensis","IFA_71_12_2812.wav","training","1","15.36","21-07-20 00:00","LT"
"an arabiensis","IFA_71_13_2813.wav","testing","4","40.96","21-07-20 00:00","LT"
"culex pipiens complex","IFA_71_17_2817.wav","validation","2","40.96","21-07-20 00:00","LT"
"culex pipiens complex","IFA_71_20_2820.wav","training","1","30.66","21-07-20 00:00","LT"
"an arabiensis","IFA_71_23_2823.wav","training","1","2.56","26-07-20 00:00","LT"
"an arabiensis","IFA_71_25_2825.wav","validation","3","56.26","26-07-20 00:00","LT"
"an arabiensis","IFA_71_26_2826.wav","validation","1","23.04","26-07-20 00:00","LT"
"an arabiensis","IFA_71_28_2828.wav","training","2","10.24","26-07-20 00:00","LT"
"an arabiensis","IFA_71_30_2830.wav","training","1","48.58","26-07-20 00:00","LT"
"an arabiensis","IFA_71_35_2835.wav","training","1","48.58","26-07-20 00:00","LT"
"an arabiensis","IFA_72_12_2852.wav","training","1","43.46","27-07-20 00:00","LT"
"an arabiensis","IFA_72_13_2853.wav","training","1","35.78","27-07-20 00:00","LT"
"an arabiensis","IFA_72_14_2854.wav","training","1","38.34","27-07-20 00:00","LT"
"an arabiensis","IFA_72_15_2855.wav","training","1","35.78","27-07-20 00:00","LT"
"an arabiensis","IFA_72_17_2857.wav","training","1","40.9","27-07-20 00:00","LT"
"culex pipiens complex","IFA_72_19_2859.wav","testing","1","33.22","27-07-20 00:00","LT"
"an arabiensis","IFA_72_20_2860.wav","testing","1","33.22","27-07-20 00:00","LT"
"an arabiensis","IFA_72_21_2861.wav","training","1","38.34","27-07-20 00:00","LT"
"an arabiensis","IFA_72_26_2866.wav","training","1","56.26","27-07-20 00:00","LT"
"culex pipiens complex","IFA_72_28_2868.wav","training","1","43.46","27-07-20 00:00","LT"
"an arabiensis","IFA_72_33_2873.wav","validation","1","35.78","27-07-20 00:00","LT"
"culex pipiens complex","IFA_72_35_2875.wav","training","1","46.02","27-07-20 00:00","LT"
"culex pipiens complex","IFA_72_36_2876.wav","training","1","5.12","27-07-20 00:00","LT"
"an arabiensis","IFA_72_37_2877.wav","testing","1","35.84","28-07-20 00:00","LT"
"an arabiensis","IFA_72_39_2879.wav","testing","1","25.54","28-07-20 00:00","LT"
"an arabiensis","IFA_72_40_2880.wav","validation","1","38.34","28-07-20 00:00","LT"
"an arabiensis","IFA_73_10_2890.wav","training","1","30.66","28-07-20 00:00","LT"
"an arabiensis","IFA_73_11_2891.wav","training","1","40.96","28-07-20 00:00","LT"
"an arabiensis","IFA_73_12_2892.wav","validation","1","43.46","28-07-20 00:00","LT"
"an arabiensis","IFA_73_13_2893.wav","training","3","38.34","28-07-20 00:00","LT"
"an arabiensis","IFA_73_14_2894.wav","training","1","30.66","28-07-20 00:00","LT"
"an arabiensis","IFA_73_15_2895.wav","training","1","33.22","28-07-20 00:00","LT"
"an arabiensis","IFA_73_16_2896.wav","validation","1","28.1","28-07-20 00:00","LT"
"an arabiensis","IFA_73_17_2897.wav","validation","1","25.6","28-07-20 00:00","LT"
"an arabiensis","IFA_73_18_2898.wav","testing","2","22.98","28-07-20 00:00","LT"
"an arabiensis","IFA_73_20_2900.wav","validation","3","17.86","28-07-20 00:00","LT"
"an arabiensis","IFA_73_21_2901.wav","testing","1","35.78","28-07-20 00:00","LT"
"an arabiensis","IFA_73_22_2902.wav","training","1","38.34","28-07-20 00:00","LT"
"an arabiensis","IFA_73_24_2904.wav","training","1","28.1","28-07-20 00:00","LT"
"an arabiensis","IFA_73_27_2907.wav","training","3","30.72","28-07-20 00:00","LT"
"an arabiensis","IFA_73_29_2909.wav","training","2","33.28","28-07-20 00:00","LT"
"an arabiensis","IFA_73_30_2910.wav","testing","1","10.24","28-07-20 00:00","LT"
"an arabiensis","IFA_73_32_2912.wav","training","3","28.1","28-07-20 00:00","LT"
"an arabiensis","IFA_73_33_2913.wav","validation","2","28.1","28-07-20 00:00","LT"
"an arabiensis","IFA_73_34_2914.wav","testing","1","25.6","28-07-20 00:00","LT"
"an arabiensis","IFA_73_35_2915.wav","training","1","35.84","28-07-20 00:00","LT"
"an arabiensis","IFA_73_36_2916.wav","testing","1","33.22","28-07-20 00:00","LT"
"an arabiensis","IFA_73_37_2917.wav","testing","1","25.54","28-07-20 00:00","LT"
"an arabiensis","IFA_73_38_2918.wav","training","1","35.78","28-07-20 00:00","LT"
"an arabiensis","IFA_73_39_2919.wav","testing","2","28.16","28-07-20 00:00","LT"
"an arabiensis","IFA_73_40_2920.wav","validation","1","38.34","28-07-20 00:00","LT"
"an arabiensis","IFA_74_11_2931.wav","training","2","22.98","28-07-20 00:00","LT"
"an arabiensis","IFA_74_12_2932.wav","testing","1","46.08","28-07-20 00:00","LT"
"an arabiensis","IFA_74_13_2933.wav","validation","1","33.28","28-07-20 00:00","LT"
"an arabiensis","IFA_74_14_2934.wav","training","1","43.46","28-07-20 00:00","LT"
"an arabiensis","IFA_74_15_2935.wav","validation","1","28.1","28-07-20 00:00","LT"
"culex pipiens complex","IFA_74_18_2938.wav","validation","1","30.66","28-07-20 00:00","LT"
"an arabiensis","IFA_74_19_2939.wav","training","1","28.1","28-07-20 00:00","LT"
"an arabiensis","IFA_74_20_2940.wav","training","1","28.1","28-07-20 00:00","LT"
"an arabiensis","IFA_74_21_2941.wav","testing","1","46.02","28-07-20 00:00","LT"
"culex pipiens complex","IFA_74_22_2942.wav","training","1","30.72","28-07-20 00:00","LT"
"culex pipiens complex","IFA_74_26_2946.wav","training","2","25.54","28-07-20 00:00","LT"
"an arabiensis","IFA_74_29_2949.wav","testing","1","28.16","28-07-20 00:00","LT"
"culex pipiens complex","IFA_74_33_2953.wav","validation","1","17.86","28-07-20 00:00","LT"
"an arabiensis","IFA_74_34_2954.wav","validation","1","33.22","28-07-20 00:00","LT"
"culex pipiens complex","IFA_74_35_2955.wav","training","1","22.98","28-07-20 00:00","LT"
"an arabiensis","IFA_74_36_2956.wav","training","1","30.66","28-07-20 00:00","LT"
"an arabiensis","IFA_74_38_2958.wav","testing","1","28.1","28-07-20 00:00","LT"
"culex pipiens complex","IFA_74_39_2959.wav","validation","1","28.16","28-07-20 00:00","LT"
"culex pipiens complex","IFA_74_40_2960.wav","validation","1","40.9","28-07-20 00:00","LT"
"an arabiensis","IFA_75_11_2971.wav","training","1","33.22","02-08-20 00:00","LT"
"an arabiensis","IFA_75_13_2973.wav","training","1","33.28","02-08-20 00:00","LT"
"an arabiensis","IFA_75_14_2974.wav","training","1","48.64","02-08-20 00:00","LT"
"an arabiensis","IFA_75_15_2975.wav","testing","1","20.48","02-08-20 00:00","LT"
"ma uniformis","IFA_75_16_2976.wav","testing","1","48.64","02-08-20 00:00","LT"
"an arabiensis","IFA_75_17_2977.wav","validation","1","28.1","02-08-20 00:00","LT"
"an arabiensis","IFA_75_19_2979.wav","training","1","35.84","02-08-20 00:00","LT"
"an arabiensis","IFA_75_20_2980.wav","training","1","53.7","02-08-20 00:00","LT"
"culex pipiens complex","IFA_75_21_2981.wav","testing","1","33.28","02-08-20 00:00","LT"
"an arabiensis","IFA_75_22_2982.wav","training","2","30.66","02-08-20 00:00","LT"
"ma uniformis","IFA_75_24_2984.wav","training","1","35.84","02-08-20 00:00","LT"
"an arabiensis","IFA_75_25_2985.wav","training","1","33.28","02-08-20 00:00","LT"
"an arabiensis","IFA_75_26_2986.wav","training","1","38.34","02-08-20 00:00","LT"
"an arabiensis","IFA_75_27_2987.wav","testing","1","56.26","02-08-20 00:00","LT"
"culex pipiens complex","IFA_75_28_2988.wav","training","3","35.84","02-08-20 00:00","LT"
"an arabiensis","IFA_75_29_2989.wav","training","1","56.26","02-08-20 00:00","LT"
"culex pipiens complex","IFA_75_30_2990.wav","training","2","30.66","02-08-20 00:00","LT"
"an arabiensis","IFA_75_31_2991.wav","training","1","33.22","02-08-20 00:00","LT"
"an arabiensis","IFA_75_32_2992.wav","testing","1","40.9","02-08-20 00:00","LT"
"an arabiensis","IFA_75_33_2993.wav","testing","1","33.28","02-08-20 00:00","LT"
"an arabiensis","IFA_75_34_2994.wav","training","1","35.78","02-08-20 00:00","LT"
"an arabiensis","IFA_75_35_2995.wav","training","2","43.52","02-08-20 00:00","LT"
"an arabiensis","IFA_75_36_2996.wav","training","1","33.22","02-08-20 00:00","LT"
"an arabiensis","IFA_75_38_2998.wav","training","1","30.66","02-08-20 00:00","LT"
"an arabiensis","IFA_75_39_2999.wav","validation","1","58.82","02-08-20 00:00","LT"
"an arabiensis","IFA_75_40_3000.wav","testing","3","33.28","02-08-20 00:00","LT"
"an arabiensis","IFA_76_11_3011.wav","training","1","40.96","02-08-20 00:00","LT"
"culex pipiens complex","IFA_76_12_3012.wav","training","2","35.78","02-08-20 00:00","LT"
"an arabiensis","IFA_76_13_3013.wav","training","1","53.7","02-08-20 00:00","LT"
"culex pipiens complex","IFA_76_14_3014.wav","validation","1","40.9","02-08-20 00:00","LT"
"an arabiensis","IFA_76_15_3015.wav","validation","1","40.96","02-08-20 00:00","LT"
"an arabiensis","IFA_76_16_3016.wav","training","1","48.58","02-08-20 00:00","LT"
"an arabiensis","IFA_76_17_3017.wav","training","1","53.76","02-08-20 00:00","LT"
"an arabiensis","IFA_76_18_3018.wav","validation","1","40.96","02-08-20 00:00","LT"
"ma uniformis","IFA_76_20_3020.wav","training","1","53.7","02-08-20 00:00","LT"
"an arabiensis","IFA_76_21_3021.wav","training","5","64","02-08-20 00:00","LT"
"an arabiensis","IFA_76_22_3022.wav","training","1","53.76","02-08-20 00:00","LT"
"an arabiensis","IFA_76_23_3023.wav","training","1","46.02","02-08-20 00:00","LT"
"ma uniformis","IFA_76_24_3024.wav","training","1","84.42","02-08-20 00:00","LT"
"culex pipiens complex","IFA_76_25_3025.wav","training","1","33.28","02-08-20 00:00","LT"
"an arabiensis","IFA_76_26_3026.wav","training","1","56.26","02-08-20 00:00","LT"
"culex pipiens complex","IFA_76_27_3027.wav","training","3","20.48","02-08-20 00:00","LT"
"an arabiensis","IFA_76_28_3028.wav","testing","2","40.96","02-08-20 00:00","LT"
"culex pipiens complex","IFA_76_29_3029.wav","testing","2","25.6","02-08-20 00:00","LT"
"an arabiensis","IFA_76_32_3032.wav","testing","3","25.6","02-08-20 00:00","LT"
"ma uniformis","IFA_76_33_3033.wav","validation","4","30.72","02-08-20 00:00","LT"
"an arabiensis","IFA_76_34_3034.wav","training","2","76.74","02-08-20 00:00","LT"
"an arabiensis","IFA_76_35_3035.wav","training","2","15.36","02-08-20 00:00","LT"
"culex pipiens complex","IFA_76_36_3036.wav","testing","1","10.24","02-08-20 00:00","LT"
"an arabiensis","IFA_76_38_3038.wav","training","2","30.72","02-08-20 00:00","LT"
"culex pipiens complex","IFA_76_39_3039.wav","training","1","30.72","02-08-20 00:00","LT"
