"id","name","species","path","exists"
"222059","IFA_64_30_2550.wav","an arabiensis","data\audio\222059.wav","False"
"222058","IFA_64_30_2550.wav","an arabiensis","data\audio\222058.wav","False"
"222043","IFA_64_31_2551.wav","an arabiensis","data\audio\222043.wav","False"
"222042","IFA_64_31_2551.wav","an arabiensis","data\audio\222042.wav","False"
"222036","IFA_64_33_2553.wav","an arabiensis","data\audio\222036.wav","False"
"222035","IFA_64_33_2553.wav","an arabiensis","data\audio\222035.wav","False"
"222034","IFA_64_34_2554.wav","an arabiensis","data\audio\222034.wav","False"
"222033","IFA_64_34_2554.wav","an arabiensis","data\audio\222033.wav","False"
"222032","IFA_64_34_2554.wav","an arabiensis","data\audio\222032.wav","False"
"222021","IFA_64_35_2555.wav","an arabiensis","data\audio\222021.wav","False"
"222039","IFA_64_36_2556.wav","an arabiensis","data\audio\222039.wav","False"
"222038","IFA_64_36_2556.wav","an arabiensis","data\audio\222038.wav","False"
"222037","IFA_64_36_2556.wav","an arabiensis","data\audio\222037.wav","False"
"222040","IFA_64_36_2556.wav","an arabiensis","data\audio\222040.wav","False"
"222026","IFA_64_38_2558.wav","an arabiensis","data\audio\222026.wav","False"
"222046","IFA_64_39_2559.wav","an arabiensis","data\audio\222046.wav","False"
"222024","IFA_64_40_2560.wav","an arabiensis","data\audio\222024.wav","False"
"222025","IFA_64_40_2560.wav","an arabiensis","data\audio\222025.wav","False"
"222051","IFA_65_10_2570.wav","an arabiensis","data\audio\222051.wav","False"
"222050","IFA_65_10_2570.wav","an arabiensis","data\audio\222050.wav","False"
"222049","IFA_65_10_2570.wav","an arabiensis","data\audio\222049.wav","False"
"222061","IFA_65_12_2572.wav","an arabiensis","data\audio\222061.wav","False"
"222060","IFA_65_12_2572.wav","an arabiensis","data\audio\222060.wav","False"
"222053","IFA_65_13_2573.wav","an arabiensis","data\audio\222053.wav","False"
"222052","IFA_65_13_2573.wav","an arabiensis","data\audio\222052.wav","False"
"222041","IFA_65_21_2581.wav","an arabiensis","data\audio\222041.wav","False"
"222056","IFA_65_24_2584.wav","an arabiensis","data\audio\222056.wav","False"
"222045","IFA_65_33_2593.wav","culex pipiens complex","data\audio\222045.wav","False"
"222064","IFA_65_35_2595.wav","culex pipiens complex","data\audio\222064.wav","False"
"222048","IFA_65_37_2597.wav","culex pipiens complex","data\audio\222048.wav","False"
"222047","IFA_65_37_2597.wav","culex pipiens complex","data\audio\222047.wav","False"
"222063","IFA_65_38_2598.wav","culex pipiens complex","data\audio\222063.wav","False"
"222062","IFA_65_38_2598.wav","culex pipiens complex","data\audio\222062.wav","False"
"222055","IFA_65_39_2599.wav","culex pipiens complex","data\audio\222055.wav","False"
"222054","IFA_65_39_2599.wav","culex pipiens complex","data\audio\222054.wav","False"
"222069","IFA_65_40_2600.wav","an arabiensis","data\audio\222069.wav","False"
"222072","IFA_66_10_2610.wav","an arabiensis","data\audio\222072.wav","False"
"222071","IFA_66_10_2610.wav","an arabiensis","data\audio\222071.wav","False"
"222070","IFA_66_10_2610.wav","an arabiensis","data\audio\222070.wav","False"
"222073","IFA_66_11_2611.wav","an arabiensis","data\audio\222073.wav","False"
"222075","IFA_66_12_2612.wav","an arabiensis","data\audio\222075.wav","False"
"222074","IFA_66_13_2613.wav","an arabiensis","data\audio\222074.wav","False"
"222065","IFA_66_14_2614.wav","an arabiensis","data\audio\222065.wav","False"
"222067","IFA_66_15_2615.wav","an arabiensis","data\audio\222067.wav","False"
"222068","IFA_66_16_2616.wav","an arabiensis","data\audio\222068.wav","False"
"222066","IFA_66_17_2617.wav","an arabiensis","data\audio\222066.wav","False"
"222105","IFA_66_18_2618.wav","an arabiensis","data\audio\222105.wav","False"
"222107","IFA_66_19_2619.wav","an arabiensis","data\audio\222107.wav","False"
"222087","IFA_66_20_2620.wav","an arabiensis","data\audio\222087.wav","False"
"222088","IFA_66_21_2621.wav","an arabiensis","data\audio\222088.wav","False"
"222136","IFA_66_22_2622.wav","an arabiensis","data\audio\222136.wav","False"
"222095","IFA_66_23_2623.wav","an arabiensis","data\audio\222095.wav","False"
"222094","IFA_66_25_2625.wav","an arabiensis","data\audio\222094.wav","False"
"222093","IFA_66_26_2626.wav","an arabiensis","data\audio\222093.wav","False"
"222127","IFA_66_27_2627.wav","an arabiensis","data\audio\222127.wav","False"
"222119","IFA_66_28_2628.wav","an arabiensis","data\audio\222119.wav","False"
"222129","IFA_66_29_2629.wav","an arabiensis","data\audio\222129.wav","False"
"222118","IFA_66_30_2630.wav","an arabiensis","data\audio\222118.wav","False"
"222091","IFA_66_32_2632.wav","an arabiensis","data\audio\222091.wav","False"
"222100","IFA_66_33_2633.wav","an arabiensis","data\audio\222100.wav","False"
"222092","IFA_66_34_2634.wav","an arabiensis","data\audio\222092.wav","False"
"222090","IFA_66_36_2636.wav","an arabiensis","data\audio\222090.wav","False"
"222089","IFA_66_36_2636.wav","an arabiensis","data\audio\222089.wav","False"
"222116","IFA_66_38_2638.wav","an arabiensis","data\audio\222116.wav","False"
"222117","IFA_66_38_2638.wav","an arabiensis","data\audio\222117.wav","False"
"222112","IFA_66_39_2639.wav","an arabiensis","data\audio\222112.wav","False"
"222126","IFA_67_10_2650.wav","an arabiensis","data\audio\222126.wav","False"
"222125","IFA_67_10_2650.wav","an arabiensis","data\audio\222125.wav","False"
"222138","IFA_67_11_2651.wav","an arabiensis","data\audio\222138.wav","False"
"222128","IFA_67_12_2652.wav","an arabiensis","data\audio\222128.wav","False"
"222084","IFA_67_15_2655.wav","an arabiensis","data\audio\222084.wav","False"
"222083","IFA_67_15_2655.wav","an arabiensis","data\audio\222083.wav","False"
"222085","IFA_67_15_2655.wav","an arabiensis","data\audio\222085.wav","False"
"222097","IFA_67_17_2657.wav","an arabiensis","data\audio\222097.wav","False"
"222096","IFA_67_17_2657.wav","an arabiensis","data\audio\222096.wav","False"
"222134","IFA_67_19_2659.wav","an arabiensis","data\audio\222134.wav","False"
"222135","IFA_67_19_2659.wav","an arabiensis","data\audio\222135.wav","False"
"222080","IFA_67_20_2660.wav","an arabiensis","data\audio\222080.wav","False"
"222079","IFA_67_20_2660.wav","an arabiensis","data\audio\222079.wav","False"
"222109","IFA_67_21_2661.wav","an arabiensis","data\audio\222109.wav","False"
"222108","IFA_67_21_2661.wav","an arabiensis","data\audio\222108.wav","False"
"222113","IFA_67_23_2663.wav","an arabiensis","data\audio\222113.wav","False"
"222131","IFA_67_24_2664.wav","culex pipiens complex","data\audio\222131.wav","False"
"222130","IFA_67_27_2667.wav","an arabiensis","data\audio\222130.wav","False"
"222115","IFA_67_29_2669.wav","an arabiensis","data\audio\222115.wav","False"
"222114","IFA_67_29_2669.wav","an arabiensis","data\audio\222114.wav","False"
"222227","IFA_68_20_2700.wav","an arabiensis","data\audio\222227.wav","False"
"222164","IFA_68_35_2715.wav","ma uniformis","data\audio\222164.wav","False"
"222163","IFA_68_35_2715.wav","ma uniformis","data\audio\222163.wav","False"
"222165","IFA_68_35_2715.wav","ma uniformis","data\audio\222165.wav","False"
"222203","IFA_68_40_2720.wav","an arabiensis","data\audio\222203.wav","False"
"222189","IFA_69_13_2733.wav","an arabiensis","data\audio\222189.wav","False"
"222182","IFA_69_14_2734.wav","ma uniformis","data\audio\222182.wav","False"
"222183","IFA_69_14_2734.wav","ma uniformis","data\audio\222183.wav","False"
"222179","IFA_69_15_2735.wav","culex pipiens complex","data\audio\222179.wav","False"
"222225","IFA_69_21_2741.wav","culex pipiens complex","data\audio\222225.wav","False"
"222226","IFA_69_21_2741.wav","culex pipiens complex","data\audio\222226.wav","False"
"222176","IFA_69_23_2743.wav","culex pipiens complex","data\audio\222176.wav","False"
"222221","IFA_69_25_2745.wav","an arabiensis","data\audio\222221.wav","False"
"222256","IFA_69_26_2746.wav","an arabiensis","data\audio\222256.wav","False"
"222262","IFA_69_28_2748.wav","culex pipiens complex","data\audio\222262.wav","False"
"222261","IFA_69_28_2748.wav","culex pipiens complex","data\audio\222261.wav","False"
"222250","IFA_69_29_2749.wav","an arabiensis","data\audio\222250.wav","False"
"222251","IFA_69_29_2749.wav","an arabiensis","data\audio\222251.wav","False"
"222239","IFA_69_32_2752.wav","an arabiensis","data\audio\222239.wav","False"
"222267","IFA_69_33_2753.wav","an arabiensis","data\audio\222267.wav","False"
"222244","IFA_69_35_2755.wav","an arabiensis","data\audio\222244.wav","False"
"222243","IFA_69_35_2755.wav","an arabiensis","data\audio\222243.wav","False"
"222242","IFA_69_35_2755.wav","an arabiensis","data\audio\222242.wav","False"
"222248","IFA_70_10_2770.wav","an arabiensis","data\audio\222248.wav","False"
"222266","IFA_70_11_2771.wav","an arabiensis","data\audio\222266.wav","False"
"222265","IFA_70_11_2771.wav","an arabiensis","data\audio\222265.wav","False"
"222264","IFA_70_11_2771.wav","an arabiensis","data\audio\222264.wav","False"
"222245","IFA_70_12_2772.wav","an arabiensis","data\audio\222245.wav","False"
"222241","IFA_70_16_2776.wav","an arabiensis","data\audio\222241.wav","False"
"222260","IFA_70_19_2779.wav","culex pipiens complex","data\audio\222260.wav","False"
"222257","IFA_70_20_2780.wav","culex pipiens complex","data\audio\222257.wav","False"
"222238","IFA_70_21_2781.wav","culex pipiens complex","data\audio\222238.wav","False"
"222252","IFA_70_22_2782.wav","culex pipiens complex","data\audio\222252.wav","False"
"222270","IFA_70_26_2786.wav","an arabiensis","data\audio\222270.wav","False"
"222297","IFA_70_29_2789.wav","an arabiensis","data\audio\222297.wav","False"
"222309","IFA_70_32_2792.wav","an arabiensis","data\audio\222309.wav","False"
"222277","IFA_70_33_2793.wav","an arabiensis","data\audio\222277.wav","False"
"222300","IFA_70_34_2794.wav","an arabiensis","data\audio\222300.wav","False"
"222276","IFA_70_35_2795.wav","an arabiensis","data\audio\222276.wav","False"
"222273","IFA_70_36_2796.wav","an arabiensis","data\audio\222273.wav","False"
"222302","IFA_70_38_2798.wav","an arabiensis","data\audio\222302.wav","False"
"222301","IFA_70_38_2798.wav","an arabiensis","data\audio\222301.wav","False"
"222305","IFA_70_39_2799.wav","an arabiensis","data\audio\222305.wav","False"
"222287","IFA_70_40_2800.wav","an arabiensis","data\audio\222287.wav","False"
"222274","IFA_71_10_2810.wav","an arabiensis","data\audio\222274.wav","False"
"222290","IFA_71_12_2812.wav","an arabiensis","data\audio\222290.wav","False"
"222294","IFA_71_13_2813.wav","an arabiensis","data\audio\222294.wav","False"
"222293","IFA_71_13_2813.wav","an arabiensis","data\audio\222293.wav","False"
"222295","IFA_71_13_2813.wav","an arabiensis","data\audio\222295.wav","False"
"222296","IFA_71_13_2813.wav","an arabiensis","data\audio\222296.wav","False"
"222308","IFA_71_17_2817.wav","culex pipiens complex","data\audio\222308.wav","False"
"222307","IFA_71_17_2817.wav","culex pipiens complex","data\audio\222307.wav","False"
"222272","IFA_71_20_2820.wav","culex pipiens complex","data\audio\222272.wav","False"
"222343","IFA_71_23_2823.wav","an arabiensis","data\audio\222343.wav","False"
"222353","IFA_71_25_2825.wav","an arabiensis","data\audio\222353.wav","False"
"222352","IFA_71_25_2825.wav","an arabiensis","data\audio\222352.wav","False"
"222351","IFA_71_25_2825.wav","an arabiensis","data\audio\222351.wav","False"
"222349","IFA_71_26_2826.wav","an arabiensis","data\audio\222349.wav","False"
"222346","IFA_71_28_2828.wav","an arabiensis","data\audio\222346.wav","False"
"222345","IFA_71_28_2828.wav","an arabiensis","data\audio\222345.wav","False"
"222340","IFA_71_30_2830.wav","an arabiensis","data\audio\222340.wav","False"
"222348","IFA_71_35_2835.wav","an arabiensis","data\audio\222348.wav","False"
"222314","IFA_72_12_2852.wav","an arabiensis","data\audio\222314.wav","False"
"222326","IFA_72_13_2853.wav","an arabiensis","data\audio\222326.wav","False"
"222317","IFA_72_14_2854.wav","an arabiensis","data\audio\222317.wav","False"
"222330","IFA_72_15_2855.wav","an arabiensis","data\audio\222330.wav","False"
"222310","IFA_72_17_2857.wav","an arabiensis","data\audio\222310.wav","False"
"222318","IFA_72_19_2859.wav","culex pipiens complex","data\audio\222318.wav","False"
"222327","IFA_72_20_2860.wav","an arabiensis","data\audio\222327.wav","False"
"222312","IFA_72_21_2861.wav","an arabiensis","data\audio\222312.wav","False"
"222324","IFA_72_26_2866.wav","an arabiensis","data\audio\222324.wav","False"
"222329","IFA_72_28_2868.wav","culex pipiens complex","data\audio\222329.wav","False"
"222334","IFA_72_33_2873.wav","an arabiensis","data\audio\222334.wav","False"
"222313","IFA_72_35_2875.wav","culex pipiens complex","data\audio\222313.wav","False"
"222325","IFA_72_36_2876.wav","culex pipiens complex","data\audio\222325.wav","False"
"222383","IFA_72_37_2877.wav","an arabiensis","data\audio\222383.wav","False"
"222428","IFA_72_39_2879.wav","an arabiensis","data\audio\222428.wav","False"
"222429","IFA_72_40_2880.wav","an arabiensis","data\audio\222429.wav","False"
"222382","IFA_73_10_2890.wav","an arabiensis","data\audio\222382.wav","False"
"222422","IFA_73_11_2891.wav","an arabiensis","data\audio\222422.wav","False"
"222437","IFA_73_12_2892.wav","an arabiensis","data\audio\222437.wav","False"
"222388","IFA_73_13_2893.wav","an arabiensis","data\audio\222388.wav","False"
"222387","IFA_73_13_2893.wav","an arabiensis","data\audio\222387.wav","False"
"222389","IFA_73_13_2893.wav","an arabiensis","data\audio\222389.wav","False"
"222370","IFA_73_14_2894.wav","an arabiensis","data\audio\222370.wav","False"
"222379","IFA_73_15_2895.wav","an arabiensis","data\audio\222379.wav","False"
"222416","IFA_73_16_2896.wav","an arabiensis","data\audio\222416.wav","False"
"222362","IFA_73_17_2897.wav","an arabiensis","data\audio\222362.wav","False"
"222364","IFA_73_18_2898.wav","an arabiensis","data\audio\222364.wav","False"
"222363","IFA_73_18_2898.wav","an arabiensis","data\audio\222363.wav","False"
"222397","IFA_73_20_2900.wav","an arabiensis","data\audio\222397.wav","False"
"222396","IFA_73_20_2900.wav","an arabiensis","data\audio\222396.wav","False"
"222395","IFA_73_20_2900.wav","an arabiensis","data\audio\222395.wav","False"
"222366","IFA_73_21_2901.wav","an arabiensis","data\audio\222366.wav","False"
"222408","IFA_73_22_2902.wav","an arabiensis","data\audio\222408.wav","False"
"222400","IFA_73_24_2904.wav","an arabiensis","data\audio\222400.wav","False"
"222434","IFA_73_27_2907.wav","an arabiensis","data\audio\222434.wav","False"
"222435","IFA_73_27_2907.wav","an arabiensis","data\audio\222435.wav","False"
"222436","IFA_73_27_2907.wav","an arabiensis","data\audio\222436.wav","False"
"222409","IFA_73_29_2909.wav","an arabiensis","data\audio\222409.wav","False"
"222410","IFA_73_29_2909.wav","an arabiensis","data\audio\222410.wav","False"
"222433","IFA_73_30_2910.wav","an arabiensis","data\audio\222433.wav","False"
"222368","IFA_73_32_2912.wav","an arabiensis","data\audio\222368.wav","False"
"222367","IFA_73_32_2912.wav","an arabiensis","data\audio\222367.wav","False"
"222369","IFA_73_32_2912.wav","an arabiensis","data\audio\222369.wav","False"
"222378","IFA_73_33_2913.wav","an arabiensis","data\audio\222378.wav","False"
"222377","IFA_73_33_2913.wav","an arabiensis","data\audio\222377.wav","False"
"222357","IFA_73_34_2914.wav","an arabiensis","data\audio\222357.wav","False"
"222398","IFA_73_35_2915.wav","an arabiensis","data\audio\222398.wav","False"
"222414","IFA_73_36_2916.wav","an arabiensis","data\audio\222414.wav","False"
"222372","IFA_73_37_2917.wav","an arabiensis","data\audio\222372.wav","False"
"222411","IFA_73_38_2918.wav","an arabiensis","data\audio\222411.wav","False"
"222402","IFA_73_39_2919.wav","an arabiensis","data\audio\222402.wav","False"
"222401","IFA_73_39_2919.wav","an arabiensis","data\audio\222401.wav","False"
"222425","IFA_73_40_2920.wav","an arabiensis","data\audio\222425.wav","False"
"222360","IFA_74_11_2931.wav","an arabiensis","data\audio\222360.wav","False"
"222359","IFA_74_11_2931.wav","an arabiensis","data\audio\222359.wav","False"
"222431","IFA_74_12_2932.wav","an arabiensis","data\audio\222431.wav","False"
"222381","IFA_74_13_2933.wav","an arabiensis","data\audio\222381.wav","False"
"222361","IFA_74_14_2934.wav","an arabiensis","data\audio\222361.wav","False"
"222426","IFA_74_15_2935.wav","an arabiensis","data\audio\222426.wav","False"
"222424","IFA_74_18_2938.wav","culex pipiens complex","data\audio\222424.wav","False"
"222438","IFA_74_19_2939.wav","an arabiensis","data\audio\222438.wav","False"
"222371","IFA_74_20_2940.wav","an arabiensis","data\audio\222371.wav","False"
"222427","IFA_74_21_2941.wav","an arabiensis","data\audio\222427.wav","False"
"222420","IFA_74_22_2942.wav","culex pipiens complex","data\audio\222420.wav","False"
"222418","IFA_74_26_2946.wav","culex pipiens complex","data\audio\222418.wav","False"
"222419","IFA_74_26_2946.wav","culex pipiens complex","data\audio\222419.wav","False"
"222417","IFA_74_29_2949.wav","an arabiensis","data\audio\222417.wav","False"
"222430","IFA_74_33_2953.wav","culex pipiens complex","data\audio\222430.wav","False"
"222376","IFA_74_34_2954.wav","an arabiensis","data\audio\222376.wav","False"
"222423","IFA_74_35_2955.wav","culex pipiens complex","data\audio\222423.wav","False"
"222432","IFA_74_36_2956.wav","an arabiensis","data\audio\222432.wav","False"
"222415","IFA_74_38_2958.wav","an arabiensis","data\audio\222415.wav","False"
"222391","IFA_74_39_2959.wav","culex pipiens complex","data\audio\222391.wav","False"
"222421","IFA_74_40_2960.wav","culex pipiens complex","data\audio\222421.wav","False"
"222506","IFA_75_11_2971.wav","an arabiensis","data\audio\222506.wav","False"
"222485","IFA_75_13_2973.wav","an arabiensis","data\audio\222485.wav","False"
"222502","IFA_75_14_2974.wav","an arabiensis","data\audio\222502.wav","False"
"222495","IFA_75_15_2975.wav","an arabiensis","data\audio\222495.wav","False"
"222484","IFA_75_16_2976.wav","ma uniformis","data\audio\222484.wav","False"
"222459","IFA_75_17_2977.wav","an arabiensis","data\audio\222459.wav","False"
"222509","IFA_75_19_2979.wav","an arabiensis","data\audio\222509.wav","False"
"222475","IFA_75_20_2980.wav","an arabiensis","data\audio\222475.wav","False"
"222445","IFA_75_21_2981.wav","culex pipiens complex","data\audio\222445.wav","False"
"222498","IFA_75_22_2982.wav","an arabiensis","data\audio\222498.wav","False"
"222499","IFA_75_22_2982.wav","an arabiensis","data\audio\222499.wav","False"
"222474","IFA_75_24_2984.wav","ma uniformis","data\audio\222474.wav","False"
"222453","IFA_75_25_2985.wav","an arabiensis","data\audio\222453.wav","False"
"222500","IFA_75_26_2986.wav","an arabiensis","data\audio\222500.wav","False"
"222518","IFA_75_27_2987.wav","an arabiensis","data\audio\222518.wav","False"
"222447","IFA_75_28_2988.wav","culex pipiens complex","data\audio\222447.wav","False"
"222449","IFA_75_28_2988.wav","culex pipiens complex","data\audio\222449.wav","False"
"222448","IFA_75_28_2988.wav","culex pipiens complex","data\audio\222448.wav","False"
"222489","IFA_75_29_2989.wav","an arabiensis","data\audio\222489.wav","False"
"222508","IFA_75_30_2990.wav","culex pipiens complex","data\audio\222508.wav","False"
"222507","IFA_75_30_2990.wav","culex pipiens complex","data\audio\222507.wav","False"
"222483","IFA_75_31_2991.wav","an arabiensis","data\audio\222483.wav","False"
"222496","IFA_75_32_2992.wav","an arabiensis","data\audio\222496.wav","False"
"222460","IFA_75_33_2993.wav","an arabiensis","data\audio\222460.wav","False"
"222452","IFA_75_34_2994.wav","an arabiensis","data\audio\222452.wav","False"
"222443","IFA_75_35_2995.wav","an arabiensis","data\audio\222443.wav","False"
"222444","IFA_75_35_2995.wav","an arabiensis","data\audio\222444.wav","False"
"222458","IFA_75_36_2996.wav","an arabiensis","data\audio\222458.wav","False"
"222450","IFA_75_38_2998.wav","an arabiensis","data\audio\222450.wav","False"
"222504","IFA_75_39_2999.wav","an arabiensis","data\audio\222504.wav","False"
"222468","IFA_75_40_3000.wav","an arabiensis","data\audio\222468.wav","False"
"222467","IFA_75_40_3000.wav","an arabiensis","data\audio\222467.wav","False"
"222469","IFA_75_40_3000.wav","an arabiensis","data\audio\222469.wav","False"
"222524","IFA_76_11_3011.wav","an arabiensis","data\audio\222524.wav","False"
"222491","IFA_76_12_3012.wav","culex pipiens complex","data\audio\222491.wav","False"
"222490","IFA_76_12_3012.wav","culex pipiens complex","data\audio\222490.wav","False"
"222511","IFA_76_13_3013.wav","an arabiensis","data\audio\222511.wav","False"
"222473","IFA_76_14_3014.wav","culex pipiens complex","data\audio\222473.wav","False"
"222497","IFA_76_15_3015.wav","an arabiensis","data\audio\222497.wav","False"
"222505","IFA_76_16_3016.wav","an arabiensis","data\audio\222505.wav","False"
"222441","IFA_76_17_3017.wav","an arabiensis","data\audio\222441.wav","False"
"222512","IFA_76_18_3018.wav","an arabiensis","data\audio\222512.wav","False"
"222442","IFA_76_20_3020.wav","ma uniformis","data\audio\222442.wav","False"
"222519","IFA_76_21_3021.wav","an arabiensis","data\audio\222519.wav","False"
"222523","IFA_76_21_3021.wav","an arabiensis","data\audio\222523.wav","False"
"222522","IFA_76_21_3021.wav","an arabiensis","data\audio\222522.wav","False"
"222520","IFA_76_21_3021.wav","an arabiensis","data\audio\222520.wav","False"
"222521","IFA_76_21_3021.wav","an arabiensis","data\audio\222521.wav","False"
"222513","IFA_76_22_3022.wav","an arabiensis","data\audio\222513.wav","False"
"222482","IFA_76_23_3023.wav","an arabiensis","data\audio\222482.wav","False"
"222464","IFA_76_24_3024.wav","ma uniformis","data\audio\222464.wav","False"
"222486","IFA_76_25_3025.wav","culex pipiens complex","data\audio\222486.wav","False"
"222451","IFA_76_26_3026.wav","an arabiensis","data\audio\222451.wav","False"
"222492","IFA_76_27_3027.wav","culex pipiens complex","data\audio\222492.wav","False"
"222494","IFA_76_27_3027.wav","culex pipiens complex","data\audio\222494.wav","False"
"222493","IFA_76_27_3027.wav","culex pipiens complex","data\audio\222493.wav","False"
"222465","IFA_76_28_3028.wav","an arabiensis","data\audio\222465.wav","False"
"222466","IFA_76_28_3028.wav","an arabiensis","data\audio\222466.wav","False"
"222487","IFA_76_29_3029.wav","culex pipiens complex","data\audio\222487.wav","False"
"222488","IFA_76_29_3029.wav","culex pipiens complex","data\audio\222488.wav","False"
"222462","IFA_76_32_3032.wav","an arabiensis","data\audio\222462.wav","False"
"222461","IFA_76_32_3032.wav","an arabiensis","data\audio\222461.wav","False"
"222463","IFA_76_32_3032.wav","an arabiensis","data\audio\222463.wav","False"
"222515","IFA_76_33_3033.wav","ma uniformis","data\audio\222515.wav","False"
"222514","IFA_76_33_3033.wav","ma uniformis","data\audio\222514.wav","False"
"222516","IFA_76_33_3033.wav","ma uniformis","data\audio\222516.wav","False"
"222517","IFA_76_33_3033.wav","ma uniformis","data\audio\222517.wav","False"
"222457","IFA_76_34_3034.wav","an arabiensis","data\audio\222457.wav","False"
"222456","IFA_76_34_3034.wav","an arabiensis","data\audio\222456.wav","False"
"222454","IFA_76_35_3035.wav","an arabiensis","data\audio\222454.wav","False"
"222455","IFA_76_35_3035.wav","an arabiensis","data\audio\222455.wav","False"
"222501","IFA_76_36_3036.wav","culex pipiens complex","data\audio\222501.wav","False"
"222477","IFA_76_38_3038.wav","an arabiensis","data\audio\222477.wav","False"
"222476","IFA_76_38_3038.wav","an arabiensis","data\audio\222476.wav","False"
"222446","IFA_76_39_3039.wav","culex pipiens complex","data\audio\222446.wav","False"
