archive,path,sample_rate,channels,subtype,duration_seconds,sha256,recovered_filename_ancestor
aedes_aegypti.zip,aedes_aegypti/16khz_0_11-16-2016-111457 10130f.wav,16000,1,PCM_16,76.1905,2a8f76edb3170da695c90c91c27b013bcce5594a582a5a0ee04d1fbee90c7d91,11-16-2016-111457 10130f.wav
aedes_aegypti.zip,aedes_aegypti/16khz_1_11-16-2016-111839 10130f.wav,16000,1,PCM_16,61.5619375,ff7ebc105d6f3066cc4c3e0793cf53943c3ad6293590016db283157743cd4f66,11-16-2016-111839 10130f.wav
aedes_aegypti.zip,aedes_aegypti/16khz_3_10130f.wav,16000,1,PCM_16,73.47375,3dbe39c06fdf41b640ea5684e597f4b4d191ec79966a431304701ee665fb7e3e,10130f.wav
aedes_aegypti.zip,aedes_aegypti/16khz_2_11-16-2016-111839 10130f.wav,16000,1,PCM_16,61.561875,7026789fb3c24b82a253ab84de3b4a94f9b2b71ac8ffce2035a61e7e25c6a00a,11-16-2016-111839 10130f.wav
aedes_aegypti.zip,aedes_aegypti/16khz_1_10130f.wav,16000,1,PCM_16,73.47375,505043093c925cef4bb0ef3b120933df397fd1d3001413afa1d3cccb40d0aae2,10130f.wav
aedes_aegypti.zip,aedes_aegypti/16khz_2_10130f.wav,16000,1,PCM_16,73.47375,c71b31318420766902cf95064f27923692ce8e8ab483c42a5c12e23c496495f7,10130f.wav
aedes_aegypti.zip,aedes_aegypti/16khz_3_11-16-2016-111839 10130f.wav,16000,1,PCM_16,61.561875,e511d0d0a96d51cfd2bf774e7c7ef16072d96510ede8a4a904712c58f81ef95c,11-16-2016-111839 10130f.wav
aedes_aegypti.zip,aedes_aegypti/16khz_0_11-16-2016-111839 10130f.wav,16000,1,PCM_16,61.5619375,eb6e138857503b95fa84c6011146e6af4ababca35a6a3eb98a4f3dc0120990fb,11-16-2016-111839 10130f.wav
aedes_aegypti.zip,aedes_aegypti/16khz_1_11-16-2016-111457 10130f.wav,16000,1,PCM_16,76.1905,58d40bba24d9fb964d8a373ee5b5518665565bcec6d67cc6c2864c64fca5fc2a,11-16-2016-111457 10130f.wav
aedes_aegypti.zip,aedes_aegypti/16khz_0_10130f.wav,16000,1,PCM_16,73.47375,0d174f931a3bc1dbacf1b49f5479a57b8927a4d6ac74abf0116577d0e257f040,10130f.wav
aedes_albopictus.zip,aedes_albopictus/16khz_3_11-16-2016-125240 albopictus f.wav,16000,1,PCM_16,65.3409375,731f6c03f555ca905d240af11fd9da995795a76b5299f7ddb1cd0c0fbbdd489a,11-16-2016-125240 albopictus f.wav
aedes_albopictus.zip,aedes_albopictus/16khz_1_albof.wav,16000,1,PCM_16,67.9323125,f4b269f541f87f7a1935a1f91afd36ce96a6cd4a83cc3f3a08a3b1bb8d3da6c1,albof.wav
aedes_albopictus.zip,aedes_albopictus/16khz_2_11-16-2016-125240 albopictus f.wav,16000,1,PCM_16,65.3409375,ade8995e03f8b2cbeca640ceee135ea89d3afc749d06e8bede1731c1fccb5a81,11-16-2016-125240 albopictus f.wav
aedes_albopictus.zip,aedes_albopictus/16khz_0_albof.wav,16000,1,PCM_16,67.9323125,eb515c31f37ff8c0db9befa0d434bc5fbf1a8f9dc872f7d345ef1b33f2bf39aa,albof.wav
aedes_albopictus.zip,aedes_albopictus/16khz_4_11-16-2016-125240 albopictus f.wav,16000,1,PCM_16,65.3409375,d26c4a121739331681b1cf18f7c351fce2108f1d302df7e22632c665429718ec,11-16-2016-125240 albopictus f.wav
aedes_albopictus.zip,aedes_albopictus/16khz_1_11-16-2016-125240 albopictus f.wav,16000,1,PCM_16,65.341,4f5258b494aa8ff63ddf4c3efcd844eaca47a233d02f96d6a9d62c2e6c042680,11-16-2016-125240 albopictus f.wav
aedes_albopictus.zip,aedes_albopictus/16khz_3_albof.wav,16000,1,PCM_16,67.9323125,f65ecab6e5ef254a9d1d210f8219f035a074ce336b25c4e323daf710e7dd7e28,albof.wav
aedes_albopictus.zip,aedes_albopictus/16khz_0_11-16-2016-125240 albopictus f.wav,16000,1,PCM_16,65.341,51356deef4c6977011d3472370ebfa5184af57f6a10aae586eb6caf349e9fd60,11-16-2016-125240 albopictus f.wav
aedes_albopictus.zip,aedes_albopictus/16khz_4_albof.wav,16000,1,PCM_16,67.93225,7ee22a91dbdcd23093d61129ad40be14c03f1774fc07936489792a7d458f8c35,albof.wav
aedes_albopictus.zip,aedes_albopictus/16khz_2_albof.wav,16000,1,PCM_16,67.9323125,28d9070afa0e378e1991c900489797bafd3b3a67d35fe62cc8ca49b2db95eb98,albof.wav
noise.zip,noise/16khz_0_Background copy.wav,16000,1,PCM_16,20.7238125,bf280d3d25def59c3d552558b947c06c7dfad2770417875bb35342025686bc53,Background copy.wav
noise.zip,noise/16khz_0_Background.wav,16000,1,PCM_16,20.7238125,bf280d3d25def59c3d552558b947c06c7dfad2770417875bb35342025686bc53,Background.wav
noise.zip,noise/16khz_0_Background copy 8.wav,16000,1,PCM_16,20.7238125,bf280d3d25def59c3d552558b947c06c7dfad2770417875bb35342025686bc53,Background copy 8.wav
noise.zip,noise/16khz_0_Background copy 7.wav,16000,1,PCM_16,20.7238125,bf280d3d25def59c3d552558b947c06c7dfad2770417875bb35342025686bc53,Background copy 7.wav
noise.zip,noise/16khz_2_noise.26Nov21.wav,16000,1,PCM_16,64.3075625,40eca62d7922833667abed28b3c4bf725fd2ae3e4063bff89d44d4be8c447ed3,noise.26Nov21.wav
noise.zip,noise/16khz_0_Background copy 6.wav,16000,1,PCM_16,20.7238125,bf280d3d25def59c3d552558b947c06c7dfad2770417875bb35342025686bc53,Background copy 6.wav
noise.zip,noise/16khz_0_Background copy 4.wav,16000,1,PCM_16,20.7238125,bf280d3d25def59c3d552558b947c06c7dfad2770417875bb35342025686bc53,Background copy 4.wav
noise.zip,noise/16khz_0_Background copy 5.wav,16000,1,PCM_16,20.7238125,bf280d3d25def59c3d552558b947c06c7dfad2770417875bb35342025686bc53,Background copy 5.wav
noise.zip,noise/16khz_3_noise.26Nov21.wav,16000,1,PCM_16,64.3075625,bfaf33df0a0a2a260b84712c5278f1a049261363aec2eca8d3dd879c76d55a6d,noise.26Nov21.wav
noise.zip,noise/16khz_0_Background copy 2.wav,16000,1,PCM_16,20.7238125,bf280d3d25def59c3d552558b947c06c7dfad2770417875bb35342025686bc53,Background copy 2.wav
noise.zip,noise/16khz_0_Background copy 3.wav,16000,1,PCM_16,20.7238125,bf280d3d25def59c3d552558b947c06c7dfad2770417875bb35342025686bc53,Background copy 3.wav
noise.zip,noise/16khz_0_noise.26Nov21.wav,16000,1,PCM_16,64.3075625,1e1d711e909216f16c52d404b1fc964314b20f3680440b2d275fdd4b445ea7f2,noise.26Nov21.wav
noise.zip,noise/16khz_1_noise.26Nov21.wav,16000,1,PCM_16,64.3075625,671ebd368876de07eee905c630d23c0f054002e9b755d2c4dc5be7be7feb89c7,noise.26Nov21.wav
noise.zip,noise/Pete_dataset/noise.orig_test.Typing_1.wav.16000.wav,16000,1,PCM_16,1.0,a7dfb661060670fc34d4ab27215c15fd2ec531f1ff955fb2c0ce07902855cd89,noise.orig_test.Typing_1.wav.16000.wav
noise.zip,noise/Pete_dataset/noise.orig_test.Babble_4.wav.33000.wav,16000,1,PCM_16,1.0,61e2ec31ae87242bf43a29adda2675b7d80e8f0d10f9ed8739dad81e66711266,noise.orig_test.Babble_4.wav.33000.wav
noise.zip,noise/Pete_dataset/noise.orig_test.Babble_4.wav.2000.wav,16000,1,PCM_16,1.0,0d17bc7d5cc0860253a6f1fa5035c5fb7d14be183dd326bae52347af441a4717,noise.orig_test.Babble_4.wav.2000.wav
noise.zip,noise/Pete_dataset/noise.orig_test.Munching_2.wav.17000.wav,16000,1,PCM_16,1.0,58469797876470ab254ba2308d12448e1728bc2a14c1e2b36602c5e982209cc8,noise.orig_test.Munching_2.wav.17000.wav
noise.zip,noise/Pete_dataset/noise.orig_test.ShuttingDoor_4.wav.27000.wav,16000,1,PCM_16,1.0,5cb82a6286f4a527a70fca5176b3784f912d3c6a6bc201796ff88a096627c398,noise.orig_test.ShuttingDoor_4.wav.27000.wav
noise.zip,noise/Pete_dataset/noise.exercise_bike.wav.50000.wav,16000,1,PCM_16,1.0,b3f5f9865fc0cc4f66da17251b361ef1fc8646ea0aba404615c9c7b393223861,noise.exercise_bike.wav.50000.wav
noise.zip,noise/Pete_dataset/noise.orig_test.VacuumCleaner_1.wav.28000.wav,16000,1,PCM_16,1.0,57ebf4d7d2ea4292fb4b9206111e9a8f6b64900937c738119184ae23e73679ae,noise.orig_test.VacuumCleaner_1.wav.28000.wav
noise.zip,noise/Pete_dataset/noise.orig_test.Typing_1.wav.194000.wav,16000,1,PCM_16,1.0,0abf374dae52f09adb304ed4e0bf9298623f465c9c61580120b856e64cbff80a,noise.orig_test.Typing_1.wav.194000.wav
noise.zip,noise/Pete_dataset/noise.doing_the_dishes.wav.10000.wav,16000,1,PCM_16,1.0,cdd5a203642b7fc3d6f73504e1fe2740ed8b376177a8198fdb3fb3a52b84bd1d,noise.doing_the_dishes.wav.10000.wav
noise.zip,noise/Pete_dataset/noise.orig_test.Typing_1.wav.20000.wav,16000,1,PCM_16,1.0,6dcfae4f2ddbe12f7109692d1d46862c47f9a299aa0f3815eb46fe13b3a44b2b,noise.orig_test.Typing_1.wav.20000.wav
noise.zip,noise/Pete_dataset/noise.orig_train.LivingRoom_1.wav.106000.wav,16000,1,PCM_16,1.0,3c90288011d78c5e4d1603d582957e8ca1cba018b5781e622eed088f3de0b91b,noise.orig_train.LivingRoom_1.wav.106000.wav
noise.zip,noise/Pete_dataset/noise.orig_train.Bus_1.wav.6000.wav,16000,1,PCM_16,1.0,04731675377601c74e5da5f25c7deabd184974c149770e423e7dae937ca4b687,noise.orig_train.Bus_1.wav.6000.wav
noise.zip,noise/Pete_dataset/noise.orig_test.Babble_2.wav.26000.wav,16000,1,PCM_16,1.0,122485c6e32d5c59b1dd30f8d84a366ba2487b23004c71e0ac0e10483fa8d8a5,noise.orig_test.Babble_2.wav.26000.wav
noise.zip,noise/Pete_dataset/noise.orig_test.Munching_3.wav.24000.wav,16000,1,PCM_16,1.0,21da8e5a21395b5f72564ffec2125552cf534c096a44076e91aecdb55149f8d3,noise.orig_test.Munching_3.wav.24000.wav
noise.zip,noise/Pete_dataset/noise.orig_train.Bus_1.wav.18000.wav,16000,1,PCM_16,1.0,d6fa855770ec67648c146d637c020d9d25897df7c58bd6b6336d78502cd009f5,noise.orig_train.Bus_1.wav.18000.wav
noise.zip,noise/Pete_dataset/noise.orig_test.Munching_3.wav.36000.wav,16000,1,PCM_16,1.0,77edb385bd517dba63595f5eebf0b5ea8d21ec723a7a8cee7b676a66d48cf331,noise.orig_test.Munching_3.wav.36000.wav
noise.zip,noise/Pete_dataset/noise.orig_test.Neighbor_2.wav.8000.wav,16000,1,PCM_16,1.0,cedf496c774b7e4627147832af9549479375316dce8b7d96ddf0f98f41287a1b,noise.orig_test.Neighbor_2.wav.8000.wav
noise.zip,noise/Pete_dataset/noise.orig_test.Babble_1.wav.47000.wav,16000,1,PCM_16,1.0,b0ed372f6b85b5668968b00163c3e6c9b4a9da2ade9dc8cffc76eb8ad13d5b8f,noise.orig_test.Babble_1.wav.47000.wav
noise.zip,noise/Pete_dataset/noise.orig_train.Cafe_1.wav.95000.wav,16000,1,PCM_16,1.0,3565b17cdba8ce530473bde09138bf3fbb7726a1dceef10bc23643c08c5393a9,noise.orig_train.Cafe_1.wav.95000.wav
noise.zip,noise/Pete_dataset/noise.orig_test.Munching_3.wav.3000.wav,16000,1,PCM_16,1.0,482a65609fafb260b92b157365d523132adc12010aedef83bae604e53364e5cb,noise.orig_test.Munching_3.wav.3000.wav
noise.zip,noise/Pete_dataset/noise.orig_test.Typing_1.wav.116000.wav,16000,1,PCM_16,1.0,4c5678b4c2b1166beed98df096c08205ac90deec697eb1533c328a962df72e21,noise.orig_test.Typing_1.wav.116000.wav
noise.zip,noise/Pete_dataset/noise.orig_train.Bus_1.wav.30000.wav,16000,1,PCM_16,1.0,2daecb586189fbe14997560a64d5eded56fdab24edacc405b280ba8bc9a40f2d,noise.orig_train.Bus_1.wav.30000.wav
noise.zip,noise/Pete_dataset/noise.orig_test.AirportAnnouncements_3.wav.13000.wav,16000,1,PCM_16,1.0,e9c56152e31183c1d42fe868c26a462b738bf3fdbce6da0636c1479f5f128921,noise.orig_test.AirportAnnouncements_3.wav.13000.wav
noise.zip,noise/Pete_dataset/noise.orig_train.Bus_1.wav.53000.wav,16000,1,PCM_16,1.0,397e9109016aae8f2e6f957e3aca36b39426afd8ffd7b5de86ba4735a30b58a1,noise.orig_train.Bus_1.wav.53000.wav
noise.zip,noise/Pete_dataset/noise.orig_test.CopyMachine_1.wav.30000.wav,16000,1,PCM_16,1.0,f6c09b97e42167c04a1ebfc0e2acbd73f531167dddb056960c50f3ad119d3869,noise.orig_test.CopyMachine_1.wav.30000.wav
noise.zip,noise/Pete_dataset/noise.doing_the_dishes.wav.80000.wav,16000,1,PCM_16,1.0,502e2d5c00471393f4da2dde0214c9212d8d0ca0895b4bb8e2298d7a27de65bd,noise.doing_the_dishes.wav.80000.wav
noise.zip,noise/Pete_dataset/noise.orig_test.CopyMachine_1.wav.16000.wav,16000,1,PCM_16,1.0,b855b8771c30df3d00166e5534a35207c469a514af462b72d34d9cf6de5a71b2,noise.orig_test.CopyMachine_1.wav.16000.wav
noise.zip,noise/Pete_dataset/noise.orig_test.ShuttingDoor_1.wav.16000.wav,16000,1,PCM_16,1.0,7dfa790fb3dd6187e8262ddfd28f07127f31a7c9bc72d6446a836a8580c91415,noise.orig_test.ShuttingDoor_1.wav.16000.wav
noise.zip,noise/Pete_dataset/noise.orig_test.AirConditioner_8.wav.25000.wav,16000,1,PCM_16,1.0,898b64d8908c9d2b375ae564a5c286e138737bad93ac790cbb7ed762cf67d868,noise.orig_test.AirConditioner_8.wav.25000.wav
noise.zip,noise/Pete_dataset/noise.orig_test.Typing_1.wav.153000.wav,16000,1,PCM_16,1.0,d104d0a4055b6595962dd9929d6b891ef305790a982c91adde458f6dd4bfd444,noise.orig_test.Typing_1.wav.153000.wav
noise.zip,noise/Pete_dataset/noise.orig_test.Babble_1.wav.34000.wav,16000,1,PCM_16,1.0,b475aea44377915583e34b0bba05a5783e23f7046c8ba4f0dd23abc820363f69,noise.orig_test.Babble_1.wav.34000.wav
noise.zip,noise/Pete_dataset/noise.orig_test.Babble_1.wav.5000.wav,16000,1,PCM_16,1.0,db71a9a989232a7d4df5f6e7edd3d209c0d2ea75efa3018c2d4060e60863cb4a,noise.orig_test.Babble_1.wav.5000.wav
noise.zip,noise/Pete_dataset/noise.orig_test.AirportAnnouncements_4.wav.46000.wav,16000,1,PCM_16,1.0,70130db5c19398e174671d3814d8288e07d98093ae7f4528bff146b134c515ee,noise.orig_test.AirportAnnouncements_4.wav.46000.wav
noise.zip,noise/Pete_dataset/noise.orig_test.AirConditioner_7.wav.12000.wav,16000,1,PCM_16,1.0,9886d38c4a50705bb536e4b495e5bb9985707432fd69b3fc6af99513a873bef9,noise.orig_test.AirConditioner_7.wav.12000.wav
noise.zip,noise/Pete_dataset/noise.orig_test.Neighbor_2.wav.24000.wav,16000,1,PCM_16,1.0,bc21de1488d2df073b49d74e10e765f7d639705e14d2b53d7bf568b02834e4f4,noise.orig_test.Neighbor_2.wav.24000.wav
noise.zip,noise/Pete_dataset/noise.orig_test.Neighbor_1.wav.38000.wav,16000,1,PCM_16,1.0,b390d237d8ef2ecde20295fa547329b145f122d0f42efd4263e323e93602faa5,noise.orig_test.Neighbor_1.wav.38000.wav
noise.zip,noise/Pete_dataset/noise.orig_test.AirConditioner_3.wav.24000.wav,16000,1,PCM_16,1.0,bcdffed48e336fb29e2dfa1e04bd5002ca1ba0d2782325a553c2ab340d4b0d49,noise.orig_test.AirConditioner_3.wav.24000.wav
noise.zip,noise/Pete_dataset/noise.orig_test.Munching_3.wav.61000.wav,16000,1,PCM_16,1.0,0af5d2f48b7865a7d03e4ebed6ccfcf4f3e30a3b9e6d5e2b5c59f440d79787bd,noise.orig_test.Munching_3.wav.61000.wav
noise.zip,noise/Pete_dataset/noise.orig_test.Munching_3.wav.1000.wav,16000,1,PCM_16,1.0,f34d9326c2bbb3fe18b8f92ec09c470eb7c98b395d8054e8c32c7cc43e96c26f,noise.orig_test.Munching_3.wav.1000.wav
noise.zip,noise/Pete_dataset/noise.orig_train.Cafe_1.wav.68000.wav,16000,1,PCM_16,1.0,7f4530ee225fd75dad94a31c3562c2a90e5068b40374d8df35e679a7f0c6eaf6,noise.orig_train.Cafe_1.wav.68000.wav
noise.zip,noise/Pete_dataset/noise.doing_the_dishes.wav.59000.wav,16000,1,PCM_16,1.0,e9cc1b297da918a762f6b9a339c2e1794454e14814a9c96830265d81a126022b,noise.doing_the_dishes.wav.59000.wav
noise.zip,noise/Pete_dataset/noise.orig_train.LivingRoom_1.wav.120000.wav,16000,1,PCM_16,1.0,c40000bf818627a330f034ae4de78cb4f57ff89edd966971e4b9ea27fce82bf4,noise.orig_train.LivingRoom_1.wav.120000.wav
noise.zip,noise/Pete_dataset/noise.orig_train.LivingRoom_1.wav.15000.wav,16000,1,PCM_16,1.0,42a18207fa8199226a2a10c3791ea05997f0d75596000c2477880b60cd069526,noise.orig_train.LivingRoom_1.wav.15000.wav
noise.zip,noise/Pete_dataset/noise.orig_test.Neighbor_3.wav.21000.wav,16000,1,PCM_16,1.0,fee9b4bc451970824ea07e8bc032ee06c124c2afe1cd7be06303650c13643b0d,noise.orig_test.Neighbor_3.wav.21000.wav
noise.zip,noise/Pete_dataset/noise.orig_test.AirConditioner_6.wav.17000.wav,16000,1,PCM_16,1.0,9bf15618218fe47a2c166891289ed8c9e742d13825d92fb1796e8ecd8e51fc1a,noise.orig_test.AirConditioner_6.wav.17000.wav
noise.zip,noise/Pete_dataset/noise.orig_train.LivingRoom_1.wav.68000.wav,16000,1,PCM_16,1.0,2d40c40ecc945399a56b4fe74a6d52b117ea8d3658c83727e5c8c3a6f6dabceb,noise.orig_train.LivingRoom_1.wav.68000.wav
noise.zip,noise/Pete_dataset/noise.white_noise.wav.14000.wav,16000,1,PCM_16,1.0,51d03781c59a0b51413ee529befbc9db2194d71f43e60fe20cada5b2904f0094,noise.white_noise.wav.14000.wav
noise.zip,noise/Pete_dataset/noise.dude_miaowing.wav.6000.wav,16000,1,PCM_16,1.0,d1d16889358f7f1f723be5fd784c3fe3861768b0e00f47d8bb5787203fbfcc0b,noise.dude_miaowing.wav.6000.wav
noise.zip,noise/Pete_dataset/noise.orig_test.AirConditioner_5.wav.15000.wav,16000,1,PCM_16,1.0,fbe967d6fbce22132c6d82af04ef78f7b0240a459e33025b11b347d7f7043321,noise.orig_test.AirConditioner_5.wav.15000.wav
noise.zip,noise/Pete_dataset/noise.doing_the_dishes.wav.28000.wav,16000,1,PCM_16,1.0,9f9a08474a2dd572469b10de875ccb82a13f60356333f99e16745bca55214c74,noise.doing_the_dishes.wav.28000.wav
noise.zip,noise/Pete_dataset/noise.orig_test.Neighbor_4.wav.19000.wav,16000,1,PCM_16,1.0,00b04279e30b8ba33797a5f40c7191435bb1b46edb2eb5fead7c35864044fbf7,noise.orig_test.Neighbor_4.wav.19000.wav
noise.zip,noise/Pete_dataset/noise.white_noise.wav.22000.wav,16000,1,PCM_16,1.0,7454d0131236451c9834ec2b49065c049e904a635cc6c61c94039136b2fe5f57,noise.white_noise.wav.22000.wav
noise.zip,noise/Pete_dataset/noise.orig_train.LivingRoom_1.wav.116000.wav,16000,1,PCM_16,1.0,4fd9dfc954c2002f245f57a02281da659af210438ba74c22b145a2a086ee762b,noise.orig_train.LivingRoom_1.wav.116000.wav
noise.zip,noise/Pete_dataset/noise.orig_test.Neighbor_3.wav.8000.wav,16000,1,PCM_16,1.0,15164abab3633181cc779bf7cef0d653f37d7e0461100038bf21bae63e5708fb,noise.orig_test.Neighbor_3.wav.8000.wav
noise.zip,noise/Pete_dataset/noise.dude_miaowing.wav.13000.wav,16000,1,PCM_16,1.0,b80d482ac6dd9f11a649e07505972b2806aeea8111decb4d242e0cb10a6a23fa,noise.dude_miaowing.wav.13000.wav
noise.zip,noise/Pete_dataset/noise.orig_test.Babble_3.wav.42000.wav,16000,1,PCM_16,1.0,09bf337e40889f6d533c713e9b790bab9e8b667b86032334b1292a1cd6950a3c,noise.orig_test.Babble_3.wav.42000.wav
noise.zip,noise/Pete_dataset/noise.orig_test.Munching_2.wav.23000.wav,16000,1,PCM_16,1.0,214fc1ad6b8816a1e0d436ff098c27026be24163262c14d9341ca07b745f49b2,noise.orig_test.Munching_2.wav.23000.wav
noise.zip,noise/Pete_dataset/noise.orig_test.AirConditioner_6.wav.21000.wav,16000,1,PCM_16,1.0,a1ae9a26bfe3a391c98e47b04775989a3ff1c912680e0f77e811377e917a9b8d,noise.orig_test.AirConditioner_6.wav.21000.wav
noise.zip,noise/Pete_dataset/noise.orig_test.Munching_4.wav.5000.wav,16000,1,PCM_16,1.0,cbb23caa8d6f88c66ea70a322f8dd0f66f4a8b14e5aa8341bf727c3fbf3e0d4a,noise.orig_test.Munching_4.wav.5000.wav
noise.zip,noise/Pete_dataset/noise.orig_train.Bus_1.wav.47000.wav,16000,1,PCM_16,1.0,8ead5a93d0974ec7590b94500f15aab08cc80c5135c9edfa09ccf0dd9a96c421,noise.orig_train.Bus_1.wav.47000.wav
noise.zip,noise/Pete_dataset/noise.orig_train.Bus_1.wav.59000.wav,16000,1,PCM_16,1.0,0cc855c8dde4bdcd22ab17b7b436efd5694633e0aadb1fb9d1d331e48a649bc2,noise.orig_train.Bus_1.wav.59000.wav
noise.zip,noise/Pete_dataset/noise.orig_test.Munching_4.wav.20000.wav,16000,1,PCM_16,1.0,6bacd42c90e884c00b89c243fecdecaff9f94e9e944e16413108b01e28a0de1d,noise.orig_test.Munching_4.wav.20000.wav
noise.zip,noise/Pete_dataset/noise.orig_test.Typing_1.wav.161000.wav,16000,1,PCM_16,1.0,3c82b31814a946fed418973935fd71ec198dad601ad76837562fcb7dc03f2fda,noise.orig_test.Typing_1.wav.161000.wav
noise.zip,noise/Pete_dataset/noise.orig_test.Typing_2.wav.9000.wav,16000,1,PCM_16,1.0,2be0322f3cbfd4ac6fbd3637e477f00c55d47189655dd3e4bb45d5b3316232cf,noise.orig_test.Typing_2.wav.9000.wav
noise.zip,noise/Pete_dataset/noise.orig_test.Neighbor_1.wav.5000.wav,16000,1,PCM_16,1.0,7e7cc07170b3f343d21a92804f92d7e42abcd8ef5465c2013a389c172a06fb35,noise.orig_test.Neighbor_1.wav.5000.wav
noise.zip,noise/Pete_dataset/noise.orig_test.AirConditioner_8.wav.50000.wav,16000,1,PCM_16,1.0,d051addb3f3b59e8958c2b214cc469dd5c49eee4c20f82db937245939eb57116,noise.orig_test.AirConditioner_8.wav.50000.wav
noise.zip,noise/Pete_dataset/noise.orig_test.Typing_1.wav.92000.wav,16000,1,PCM_16,1.0,1320eee9eff6b305d983708ea0dc93c3d088e27273c57c7f8f26ab94d06adc02,noise.orig_test.Typing_1.wav.92000.wav
noise.zip,noise/Pete_dataset/noise.orig_test.AirportAnnouncements_4.wav.17000.wav,16000,1,PCM_16,1.0,dfeba5e5a920c03954a8243f3b717dfcbfcb091cb45b85f56370ccded0120120,noise.orig_test.AirportAnnouncements_4.wav.17000.wav
noise.zip,noise/Pete_dataset/noise.orig_test.AirConditioner_8.wav.42000.wav,16000,1,PCM_16,1.0,d236fbb286b785b6fb316053cd032797dabdfc9aaa04a4e3ca75cbb9fad71850,noise.orig_test.AirConditioner_8.wav.42000.wav
noise.zip,noise/Pete_dataset/noise.orig_test.AirConditioner_8.wav.21000.wav,16000,1,PCM_16,1.0,26d53bffe9fe4aafb0f927b288b13bdb2d0c437e210958af8e1a9a4e5a3003a8,noise.orig_test.AirConditioner_8.wav.21000.wav
noise.zip,noise/Pete_dataset/noise.orig_test.Neighbor_1.wav.14000.wav,16000,1,PCM_16,1.0,675ce800cf21bcdcdd6e8d5a65217a55b47d5c694425d8e0a4494639ecfb5c2f,noise.orig_test.Neighbor_1.wav.14000.wav
noise.zip,noise/Pete_dataset/noise.orig_test.AirConditioner_4.wav.22000.wav,16000,1,PCM_16,1.0,671083c051466080f791c77e5f9dd63a57f2a3fe2d8ebb6fbe3c14320c9d30f2,noise.orig_test.AirConditioner_4.wav.22000.wav
noise.zip,noise/Pete_dataset/noise.orig_test.ShuttingDoor_4.wav.9000.wav,16000,1,PCM_16,1.0,9eb75d6403a6631640911f93affdfe3c251fc7d9bb2c77a4a1bb9c96b3dc0bf6,noise.orig_test.ShuttingDoor_4.wav.9000.wav
noise.zip,noise/Pete_dataset/noise.orig_train.Cafe_1.wav.39000.wav,16000,1,PCM_16,1.0,a94f67bce87c529925e0af516f7349f9d83d95fd8efb70315a2ca1126189669e,noise.orig_train.Cafe_1.wav.39000.wav
noise.zip,noise/Pete_dataset/noise.orig_train.LivingRoom_1.wav.27000.wav,16000,1,PCM_16,1.0,fe5b791943b4f8dcb3bbcc8dc5f20cd5e357904dc29f1261b02b3b0208af833e,noise.orig_train.LivingRoom_1.wav.27000.wav
noise.zip,noise/Pete_dataset/noise.orig_train.Cafe_1.wav.44000.wav,16000,1,PCM_16,1.0,ce4689fb5f3efee3476d5e69fb8133ed9952c59f7f1a6b4414a0cdccb7458b32,noise.orig_train.Cafe_1.wav.44000.wav
noise.zip,noise/Pete_dataset/noise.orig_test.ShuttingDoor_4.wav.21000.wav,16000,1,PCM_16,1.0,e85145b455dda64a9e02fde3d4ebdc93f5b8d015cfa8deb5dcc83fb89ecf6826,noise.orig_test.ShuttingDoor_4.wav.21000.wav
noise.zip,noise/Pete_dataset/noise.orig_test.CopyMachine_2.wav.4000.wav,16000,1,PCM_16,1.0,416054f29d049e32828dfe83de05d8c8888f1964fc32f12f48b8e1552831870b,noise.orig_test.CopyMachine_2.wav.4000.wav
noise.zip,noise/Pete_dataset/noise.pink_noise.wav.42000.wav,16000,1,PCM_16,1.0,d127d59c3de417eac78c49bee81d8a496cc4361baa38fd8c8f47f6add54b6070,noise.pink_noise.wav.42000.wav
noise.zip,noise/Pete_dataset/noise.dude_miaowing.wav.50000.wav,16000,1,PCM_16,1.0,acc7ca275fde328834794c8174d41a5b493a4be6c66e4c4442166e00b3ee21cd,noise.dude_miaowing.wav.50000.wav
noise.zip,noise/Pete_dataset/noise.dude_miaowing.wav.21000.wav,16000,1,PCM_16,1.0,25886e58a24b97809b155a8ae793c10cfd0da502eba1b8c1a428dc00ce519571,noise.dude_miaowing.wav.21000.wav
noise.zip,noise/Pete_dataset/noise.orig_test.Munching_5.wav.25000.wav,16000,1,PCM_16,1.0,145e4764c5de7b5ea54ec31dabccd443bcd7d478f63115e4dd770d154338342b,noise.orig_test.Munching_5.wav.25000.wav
noise.zip,noise/Pete_dataset/noise.orig_test.Babble_3.wav.13000.wav,16000,1,PCM_16,1.0,b4f87b5cdb55f051d87f9d049110b2ca62feb4ca9b91bc1219e8a2e495d0a756,noise.orig_test.Babble_3.wav.13000.wav
noise.zip,noise/Pete_dataset/noise.orig_test.ShuttingDoor_4.wav.7000.wav,16000,1,PCM_16,1.0,d390b4d7ed36239caa020e7d6cec71489166e55c1bb689c07d88d5b50dd51bb3,noise.orig_test.ShuttingDoor_4.wav.7000.wav
noise.zip,noise/Pete_dataset/noise.orig_train.LivingRoom_1.wav.37000.wav,16000,1,PCM_16,1.0,14ccdef903944a15dd5303dd33b8fb7ac2307a28830f725106cef8afb2954366,noise.orig_train.LivingRoom_1.wav.37000.wav
noise.zip,noise/Pete_dataset/noise.orig_train.Cafe_1.wav.117000.wav,16000,1,PCM_16,1.0,8f54e199d334e77bd76e90bae5f59090c833863fb60e48d7e9b826ca723f3988,noise.orig_train.Cafe_1.wav.117000.wav
noise.zip,noise/Pete_dataset/noise.pink_noise.wav.15000.wav,16000,1,PCM_16,1.0,be76171c45b0ac44c89fddbda9a393d319aaf36008ddf4b91921759abe496b36,noise.pink_noise.wav.15000.wav
noise.zip,noise/Pete_dataset/noise.orig_test.Babble_4.wav.70000.wav,16000,1,PCM_16,1.0,2fce65a5d9eb8300c2fe63934c222bd6aae20d8c36395a99b24e419321e70ce2,noise.orig_test.Babble_4.wav.70000.wav
noise.zip,noise/Pete_dataset/noise.orig_train.LivingRoom_1.wav.58000.wav,16000,1,PCM_16,1.0,adc0b51c99cad5feede1a4c08cfb48fc40a702a3a67cc97f3c25d8d82f15a16e,noise.orig_train.LivingRoom_1.wav.58000.wav
noise.zip,noise/Pete_dataset/noise.orig_test.Munching_1.wav.2000.wav,16000,1,PCM_16,1.0,e9bfda3363db7e9df49c62ebdfcacf00c387785b2e842311fdac74fc198fe0dd,noise.orig_test.Munching_1.wav.2000.wav
noise.zip,noise/Pete_dataset/noise.orig_train.Cafe_1.wav.46000.wav,16000,1,PCM_16,1.0,46ed2211f6ad73121471ba26af2d55889212b664b27bb310599e2e6211181adb,noise.orig_train.Cafe_1.wav.46000.wav
noise.zip,noise/Pete_dataset/noise.orig_test.AirConditioner_1.wav.13000.wav,16000,1,PCM_16,1.0,1e30db40f7556a37124ec87716cb80594f575290b36dbc3b9f08835785f9c8d4,noise.orig_test.AirConditioner_1.wav.13000.wav
noise.zip,noise/Pete_dataset/noise.orig_test.ShuttingDoor_3.wav.17000.wav,16000,1,PCM_16,1.0,5637274f46df2a59b0511ec9fd0bc38a816a4b74077c9e5ecce120be730ab48a,noise.orig_test.ShuttingDoor_3.wav.17000.wav
noise.zip,noise/Pete_dataset/noise.orig_train.Cafe_1.wav.150000.wav,16000,1,PCM_16,1.0,fb5c6fb49babe52ba4877278b11c1912bc822d1edacd549a943982a8320e187a,noise.orig_train.Cafe_1.wav.150000.wav
noise.zip,noise/Pete_dataset/noise.orig_train.Cafe_1.wav.133000.wav,16000,1,PCM_16,1.0,c0e7e4221ecea06fb0a448f6ba455d1a790448ea91d6f751b0f6294194c738a4,noise.orig_train.Cafe_1.wav.133000.wav
noise.zip,noise/Pete_dataset/noise.pink_noise.wav.40000.wav,16000,1,PCM_16,1.0,d56a1be64241ce50864070801cc6725612918eeb5399de51ad5ddcbd5e24bae1,noise.pink_noise.wav.40000.wav
noise.zip,noise/Pete_dataset/noise.exercise_bike.wav.2000.wav,16000,1,PCM_16,1.0,5343a2dff6c1702b028bdbc57d2fd3c6ffd8cc7b475a8c919664c057177457a3,noise.exercise_bike.wav.2000.wav
noise.zip,noise/Pete_dataset/noise.orig_test.VacuumCleaner_1.wav.16000.wav,16000,1,PCM_16,1.0,87fd4f35bc08f001c9247046822e3d8eebef0371e226a224b6a8ea43bfd7766d,noise.orig_test.VacuumCleaner_1.wav.16000.wav
noise.zip,noise/Pete_dataset/noise.orig_test.Typing_1.wav.203000.wav,16000,1,PCM_16,1.0,185864190d5516d5b47b1128fbcca7e38409ec1210d9219887db630d4c62b91f,noise.orig_test.Typing_1.wav.203000.wav
noise.zip,noise/Pete_dataset/noise.pink_noise.wav.23000.wav,16000,1,PCM_16,1.0,4482c6af396436e3093d3e5a0e343b8dbacec521e2df67b111f7b71f4fba0053,noise.pink_noise.wav.23000.wav
noise.zip,noise/Pete_dataset/noise.orig_test.Munching_2.wav.9000.wav,16000,1,PCM_16,1.0,933d741821843ecfeb48c0cce63ae7f44d9477a298340ceb467975a9874ebb1a,noise.orig_test.Munching_2.wav.9000.wav
noise.zip,noise/Pete_dataset/noise.orig_test.AirConditioner_7.wav.14000.wav,16000,1,PCM_16,1.0,0a32fc6edaa7707ce6da50e430fd673eef53df759792ed152fc5182be4003c12,noise.orig_test.AirConditioner_7.wav.14000.wav
noise.zip,noise/Pete_dataset/noise.orig_test.AirportAnnouncements_4.wav.31000.wav,16000,1,PCM_16,1.0,2e5f07f70caf59830750d538ce21f588c424f8714ef967e8d28c3a55bb131a15,noise.orig_test.AirportAnnouncements_4.wav.31000.wav
noise.zip,noise/Pete_dataset/noise.orig_test.Neighbor_1.wav.20000.wav,16000,1,PCM_16,1.0,d1357100c7859d8db31a4508cbbece579eb98db30e914b73517e9641fda79624,noise.orig_test.Neighbor_1.wav.20000.wav
noise.zip,noise/Pete_dataset/noise.orig_train.Bus_1.wav.38000.wav,16000,1,PCM_16,1.0,2177103f1db87e99381acdc842253373777fee9bbfe0dd2265f2e68d1d695861,noise.orig_train.Bus_1.wav.38000.wav
noise.zip,noise/Pete_dataset/noise.orig_test.CopyMachine_1.wav.26000.wav,16000,1,PCM_16,1.0,0506cad2db0f53b049cffb57386a45c753cba1d2bd412082faf56e2376e93e0f,noise.orig_test.CopyMachine_1.wav.26000.wav
noise.zip,noise/Pete_dataset/noise.orig_test.Typing_1.wav.124000.wav,16000,1,PCM_16,1.0,aa42d97694c4def9431693ff5ed43fe24bb1e3868c7c1500ecf475cbca322a7b,noise.orig_test.Typing_1.wav.124000.wav
noise.zip,noise/Pete_dataset/noise.orig_test.Babble_1.wav.43000.wav,16000,1,PCM_16,1.0,e2297761c2b8fa465a95e7840dee002b67d6c620d8970876c80b53ff8fa49a71,noise.orig_test.Babble_1.wav.43000.wav
noise.zip,noise/Pete_dataset/noise.orig_test.Typing_1.wav.159000.wav,16000,1,PCM_16,1.0,2f8d4a499659076e29d38346a2a751c7901d0b9b54e581aa00ba9025f51d6c81,noise.orig_test.Typing_1.wav.159000.wav
noise.zip,noise/Pete_dataset/noise.orig_test.Babble_1.wav.32000.wav,16000,1,PCM_16,1.0,efd432aadca97bf333f6ffbc3dc29d87987ebd6e399e258c28479a8463a6b036,noise.orig_test.Babble_1.wav.32000.wav
noise.zip,noise/Pete_dataset/noise.orig_test.Typing_1.wav.128000.wav,16000,1,PCM_16,1.0,cf6008fee8517a7461cca9ade7b323300a6c2ccf3c8cccb8c086f9769d975e26,noise.orig_test.Typing_1.wav.128000.wav
noise.zip,noise/Pete_dataset/noise.orig_test.Neighbor_2.wav.14000.wav,16000,1,PCM_16,1.0,de9870293a68549fa9d5ee1312255d6553cb0742a863ad57651790ecf8e3c0de,noise.orig_test.Neighbor_2.wav.14000.wav
noise.zip,noise/Pete_dataset/noise.orig_train.LivingRoom_1.wav.83000.wav,16000,1,PCM_16,1.0,361702225f4c4a12ff0411dbfedf714f276426f2dee65294e3206c4576a64891,noise.orig_train.LivingRoom_1.wav.83000.wav
noise.zip,noise/Pete_dataset/noise.orig_test.AirportAnnouncements_4.wav.15000.wav,16000,1,PCM_16,1.0,9fb5b92dc6342aca0abb97180b6795b70ea09b646b8d57091807994a56cc588a,noise.orig_test.AirportAnnouncements_4.wav.15000.wav
noise.zip,noise/Pete_dataset/noise.orig_test.Neighbor_5.wav.20000.wav,16000,1,PCM_16,1.0,458004c4179783ae7a4e89fe174e1d8cf569b50d49d4866607da5f0a8375eb47,noise.orig_test.Neighbor_5.wav.20000.wav
noise.zip,noise/Pete_dataset/noise.orig_test.AirConditioner_6.wav.5000.wav,16000,1,PCM_16,1.0,3a3b658a75a8b618456cb764c20e31b9cefb5f95815d0b2d83974718c3d4ff46,noise.orig_test.AirConditioner_6.wav.5000.wav
noise.zip,noise/Pete_dataset/noise.orig_test.ShuttingDoor_2.wav.12000.wav,16000,1,PCM_16,1.0,6949f32601a5c2374bf0e3c72f3e1337c8a20de582354d1f7dc4adccea25fa1a,noise.orig_test.ShuttingDoor_2.wav.12000.wav
noise.zip,noise/Pete_dataset/noise.orig_test.Babble_4.wav.94000.wav,16000,1,PCM_16,1.0,ef186f4bf2840fe55d4934de16cd3adf3d04926e1e786d6d17c3f3cfe4c0eceb,noise.orig_test.Babble_4.wav.94000.wav
noise.zip,noise/Pete_dataset/noise.orig_test.AirConditioner_8.wav.10000.wav,16000,1,PCM_16,1.0,2399644343cf575d90a74d9b4f272865b6157eecec6d3330c1b76c81831728ee,noise.orig_test.AirConditioner_8.wav.10000.wav
noise.zip,noise/Pete_dataset/noise.orig_test.Munching_3.wav.70000.wav,16000,1,PCM_16,1.0,e5598f2263e486c7518767cc5b0adaba60b8eab9beb4c6e5a3ae66c6984fdd40,noise.orig_test.Munching_3.wav.70000.wav
noise.zip,noise/Pete_dataset/noise.orig_test.AirportAnnouncements_4.wav.45000.wav,16000,1,PCM_16,1.0,c98c1e19ef5d69e6954324aed63f7d506384cac6ad9cd8bac56407e51940fc8d,noise.orig_test.AirportAnnouncements_4.wav.45000.wav
noise.zip,noise/Pete_dataset/noise.orig_test.CopyMachine_1.wav.31000.wav,16000,1,PCM_16,1.0,a84b669ee3ecf2b4ddf88f32a0b2af3eca814d09991f1810538d24e7143642d6,noise.orig_test.CopyMachine_1.wav.31000.wav
noise.zip,noise/Pete_dataset/noise.orig_test.Neighbor_1.wav.2000.wav,16000,1,PCM_16,1.0,c046f4b2111767c5a847c08d03e2c0757c9dfa2334e81136e3199a4501a0ea2d,noise.orig_test.Neighbor_1.wav.2000.wav
noise.zip,noise/Pete_dataset/noise.orig_train.Bus_1.wav.19000.wav,16000,1,PCM_16,1.0,34b4a1afe9a69b14eb56ac6d1084718d7f801a2b43ad970e9c7b0d933ba8dbca,noise.orig_train.Bus_1.wav.19000.wav
noise.zip,noise/Pete_dataset/noise.orig_train.Cafe_1.wav.94000.wav,16000,1,PCM_16,1.0,96b9c7834bf90e1806534e67c8bbea7709999bf32b0dfd48b861661dc144ff68,noise.orig_train.Cafe_1.wav.94000.wav
noise.zip,noise/Pete_dataset/noise.orig_test.AirConditioner_3.wav.11000.wav,16000,1,PCM_16,1.0,f029799d441e82ae5c0f78d960463514370e1080f14d2fb8d8db8a5df1d40749,noise.orig_test.AirConditioner_3.wav.11000.wav
noise.zip,noise/Pete_dataset/noise.orig_test.AirConditioner_8.wav.38000.wav,16000,1,PCM_16,1.0,9a091369ccc170454e1d5887dd228eb7278b9fe0287a9ea76c81f180eecb5182,noise.orig_test.AirConditioner_8.wav.38000.wav
noise.zip,noise/Pete_dataset/noise.orig_test.Babble_1.wav.46000.wav,16000,1,PCM_16,1.0,cf0fe59f38d31f8417f76f505acbffb16a97257df543349e919433da72febf2b,noise.orig_test.Babble_1.wav.46000.wav
noise.zip,noise/Pete_dataset/noise.orig_test.VacuumCleaner_1.wav.4000.wav,16000,1,PCM_16,1.0,c4d5d91bfeaacbcfc12a4250c77fec3af9ef674e964c58ff6b03c9085cd993e2,noise.orig_test.VacuumCleaner_1.wav.4000.wav
noise.zip,noise/Pete_dataset/noise.orig_test.Munching_3.wav.0.wav,16000,1,PCM_16,1.0,c865702cea7db8001cf0e55deb76ebf033e1ed8862b524447d3e0be1440cdf3c,noise.orig_test.Munching_3.wav.0.wav
noise.zip,noise/Pete_dataset/noise.orig_test.Babble_3.wav.41000.wav,16000,1,PCM_16,1.0,a0130e2df2f797d608174d2c0c2360b6a025e556cee6dc1dd00e116352dba3d6,noise.orig_test.Babble_3.wav.41000.wav
noise.zip,noise/Pete_dataset/noise.orig_test.Typing_2.wav.40000.wav,16000,1,PCM_16,1.0,859d498e04e68d893eb95b408b3f5ab38b6e836e106cd8374cc3ddf9b3708772,noise.orig_test.Typing_2.wav.40000.wav
noise.zip,noise/Pete_dataset/noise.orig_train.Cafe_1.wav.100000.wav,16000,1,PCM_16,1.0,fb1723dae9b3ef740acbd54c53e23ba15ab47b34816e645b7fbc368a1f53e70b,noise.orig_train.Cafe_1.wav.100000.wav
noise.zip,noise/Pete_dataset/noise.exercise_bike.wav.51000.wav,16000,1,PCM_16,1.0,521c8fd2f8a0ee3411e4e946fb55dc8867b5634fcde398d084fd3da5445d84a7,noise.exercise_bike.wav.51000.wav
noise.zip,noise/Pete_dataset/noise.orig_test.AirConditioner_2.wav.18000.wav,16000,1,PCM_16,1.0,ab88e84b2e52fcf12c1b6cf828de3ff7379439a5b1d52ff70eecb28a708194b7,noise.orig_test.AirConditioner_2.wav.18000.wav
noise.zip,noise/Pete_dataset/noise.orig_test.Munching_1.wav.22000.wav,16000,1,PCM_16,1.0,a29f5afae04b12e4426e8ec61ae98de323580f71ee4030182b4e3788295c3c6a,noise.orig_test.Munching_1.wav.22000.wav
noise.zip,noise/Pete_dataset/noise.orig_test.Typing_1.wav.21000.wav,16000,1,PCM_16,1.0,5dc74a2ea31e8dad4f104ab601f3031e88dfd94154dfea4138f0b5c7baaa8241,noise.orig_test.Typing_1.wav.21000.wav
noise.zip,noise/Pete_dataset/noise.orig_test.Babble_4.wav.32000.wav,16000,1,PCM_16,1.0,bddfa398bcc6dd59663b65e9b5c8ce5ae09ddb186ed5e7dfb9d2dc804a70b8a3,noise.orig_test.Babble_4.wav.32000.wav
noise.zip,noise/Pete_dataset/noise.dude_miaowing.wav.49000.wav,16000,1,PCM_16,1.0,07168bb1940ddd3092d82168f19f8e4862145e8820b3d54150045e25e9170bd9,noise.dude_miaowing.wav.49000.wav
noise.zip,noise/Pete_dataset/noise.exercise_bike.wav.16000.wav,16000,1,PCM_16,1.0,9113420e55efe3f4b41cd2dacec15eaeaedda1d44b9d9da5d2688e801ac9d6ca,noise.exercise_bike.wav.16000.wav
noise.zip,noise/Pete_dataset/noise.orig_test.Babble_3.wav.18000.wav,16000,1,PCM_16,1.0,62439d0d12cc48e95769855bfe7ab1f1b4c6faa1b56c79d68123f8baa3ba5fd4,noise.orig_test.Babble_3.wav.18000.wav
noise.zip,noise/Pete_dataset/noise.orig_train.Cafe_1.wav.67000.wav,16000,1,PCM_16,1.0,611cdcd30c3be45250ef37076cb3b29a9fa455ba393b5909d2cd1ebe1a1af8c4,noise.orig_train.Cafe_1.wav.67000.wav
noise.zip,noise/Pete_dataset/noise.doing_the_dishes.wav.56000.wav,16000,1,PCM_16,1.0,ca28aa2a3a527f470d8e748e3cbe8795bf614956ed314624911f57f1b7b5f78c,noise.doing_the_dishes.wav.56000.wav
noise.zip,noise/Pete_dataset/noise.orig_test.Munching_5.wav.22000.wav,16000,1,PCM_16,1.0,4a2f270f7fe09a95ffc2862437692246494cf6d41c9aac362b557c4971308c64,noise.orig_test.Munching_5.wav.22000.wav
noise.zip,noise/Pete_dataset/noise.orig_train.Cafe_1.wav.128000.wav,16000,1,PCM_16,1.0,85a54a5ca4df0c91ac4d356600ead3bd4136aaa97c24dc96621207c1641924ff,noise.orig_train.Cafe_1.wav.128000.wav
noise.zip,noise/Pete_dataset/noise.orig_test.Babble_4.wav.65000.wav,16000,1,PCM_16,1.0,7040aac69ff66eae0ee1e3f95dc0acd396473b1f79948d50c8323687bfb53b39,noise.orig_test.Babble_4.wav.65000.wav
noise.zip,noise/Pete_dataset/noise.exercise_bike.wav.41000.wav,16000,1,PCM_16,1.0,d0c0d9ce4a532b3dab402954bfd115e54b73958d6164ad6464a91e563961500a,noise.exercise_bike.wav.41000.wav
noise.zip,noise/Pete_dataset/noise.orig_test.Munching_2.wav.30000.wav,16000,1,PCM_16,1.0,11de09ffc9822d455071bd405e6f8ecfd86ba0051ae81e95160cab04fbec610d,noise.orig_test.Munching_2.wav.30000.wav
noise.zip,noise/Pete_dataset/noise.orig_train.LivingRoom_1.wav.105000.wav,16000,1,PCM_16,1.0,4b00f8450336e110cf4855a3239df461e351e633e4cc81fdf426bd9c4dd4e448,noise.orig_train.LivingRoom_1.wav.105000.wav
noise.zip,noise/Pete_dataset/noise.orig_train.Cafe_1.wav.110000.wav,16000,1,PCM_16,1.0,8167e3a12412d31bb85b44bb61cba75c29370545712cfab8ec908c0b8fb8ea02,noise.orig_train.Cafe_1.wav.110000.wav
noise.zip,noise/Pete_dataset/noise.orig_test.Neighbor_4.wav.5000.wav,16000,1,PCM_16,1.0,74acffec55448020e086b4399871e5bc356c9ef7eeca6deae18eb69522cc2aa8,noise.orig_test.Neighbor_4.wav.5000.wav
noise.zip,noise/Pete_dataset/noise.orig_test.Munching_1.wav.9000.wav,16000,1,PCM_16,1.0,3f9f849163cfb6d2be58e290ad6d6f7b7e67153cee0982a73575aea366387dc7,noise.orig_test.Munching_1.wav.9000.wav
noise.zip,noise/Pete_dataset/noise.orig_test.Typing_1.wav.40000.wav,16000,1,PCM_16,1.0,5073b2a168504e6537db01327cf69ff747d8a4ce619a5038fb7d264b465a1d3e,noise.orig_test.Typing_1.wav.40000.wav
noise.zip,noise/Pete_dataset/noise.orig_test.AirportAnnouncements_2.wav.40000.wav,16000,1,PCM_16,1.0,beda55f1f6fc2032e2727e3e6263a948432baba96de0a7b3ffc6e7c90f12414b,noise.orig_test.AirportAnnouncements_2.wav.40000.wav
noise.zip,noise/Pete_dataset/noise.orig_test.Neighbor_4.wav.9000.wav,16000,1,PCM_16,1.0,d063af44a6de4d1976ae5ee21b6e29ae2543b05fcb9d951cf5172ccd51e09967,noise.orig_test.Neighbor_4.wav.9000.wav
noise.zip,noise/Pete_dataset/noise.orig_test.Neighbor_3.wav.16000.wav,16000,1,PCM_16,1.0,a28bfca2df5ec625b199e7afc13945808092828378f23a7a2028a016104be6cf,noise.orig_test.Neighbor_3.wav.16000.wav
noise.zip,noise/Pete_dataset/noise.orig_train.Cafe_1.wav.22000.wav,16000,1,PCM_16,1.0,0ca33d01793bd9853c2a978cc30fcbbc6afe3099f09399ae319e6150c676cb99,noise.orig_train.Cafe_1.wav.22000.wav
noise.zip,noise/Pete_dataset/noise.orig_train.LivingRoom_1.wav.142000.wav,16000,1,PCM_16,1.0,ed6a66648fcac1c3d045cbfdea976700dae01aaa2765f410cb155aa3dacb3a9a,noise.orig_train.LivingRoom_1.wav.142000.wav
noise.zip,noise/Pete_dataset/noise.doing_the_dishes.wav.46000.wav,16000,1,PCM_16,1.0,b1845950703c115d4fbdeb5e1f37fe802b9dcab36aa437db1ddd325d2f001b24,noise.doing_the_dishes.wav.46000.wav
noise.zip,noise/Pete_dataset/noise.orig_test.Typing_2.wav.17000.wav,16000,1,PCM_16,1.0,a8ad91a3f1e270b29eedb642f811ea3b4386cc1b72c28311b6d220c85b22cafd,noise.orig_test.Typing_2.wav.17000.wav
noise.zip,noise/Pete_dataset/noise.orig_test.Babble_3.wav.16000.wav,16000,1,PCM_16,1.0,61fca6e22efcba6428a182d2d2be595ee327026cd3f05ba6bf33b7eb492ea02c,noise.orig_test.Babble_3.wav.16000.wav
noise.zip,noise/Pete_dataset/noise.orig_train.LivingRoom_1.wav.77000.wav,16000,1,PCM_16,1.0,fb7efd83b76d1b23347bb4d5494d566873a77aeac2f8c82f4672ff9f3f27e760,noise.orig_train.LivingRoom_1.wav.77000.wav
noise.zip,noise/Pete_dataset/noise.doing_the_dishes.wav.25000.wav,16000,1,PCM_16,1.0,da1dc10824379da84d458151136f9bd098c340cf632b4179b090ee18927a5586,noise.doing_the_dishes.wav.25000.wav
noise.zip,noise/Pete_dataset/noise.orig_test.AirConditioner_1.wav.22000.wav,16000,1,PCM_16,1.0,95879a426cd5b2d9ab823856912ef93b3361dc9f62ffb9a8f5e61d2b016ec68f,noise.orig_test.AirConditioner_1.wav.22000.wav
noise.zip,noise/Pete_dataset/noise.orig_test.Babble_4.wav.53000.wav,16000,1,PCM_16,1.0,626c5b59519d05da6a00423e5cd7dd96012b9115a7b869412638551430ae7fec,noise.orig_test.Babble_4.wav.53000.wav
noise.zip,noise/Pete_dataset/noise.orig_train.LivingRoom_1.wav.150000.wav,16000,1,PCM_16,1.0,612d86c58c14acb507ea8c0d316a316331766200beb46003c5a01e6872c249ec,noise.orig_train.LivingRoom_1.wav.150000.wav
noise.zip,noise/Pete_dataset/noise.orig_test.AirportAnnouncements_3.wav.3000.wav,16000,1,PCM_16,1.0,4e67f1ffcef25f30d019d51bf285d1c13b40b72f7ec860d9240d5b1122cdc9e3,noise.orig_test.AirportAnnouncements_3.wav.3000.wav
noise.zip,noise/Pete_dataset/noise.orig_test.Typing_1.wav.76000.wav,16000,1,PCM_16,1.0,f34944929edac75a6bac15c822276553f41cf4df634e466a1adedf96b6dd1365,noise.orig_test.Typing_1.wav.76000.wav
noise.zip,noise/Pete_dataset/noise.orig_test.Babble_4.wav.30000.wav,16000,1,PCM_16,1.0,898dca6e6db3cc0e0941bbba84036c320099cef02ce4100e27c1568a33760b67,noise.orig_test.Babble_4.wav.30000.wav
noise.zip,noise/Pete_dataset/noise.exercise_bike.wav.14000.wav,16000,1,PCM_16,1.0,6deb74bd78df72b0856a3927df8b70ce9eccd0eb91e71ef81a62c5b4bd7a86f2,noise.exercise_bike.wav.14000.wav
noise.zip,noise/Pete_dataset/noise.orig_test.AirportAnnouncements_4.wav.24000.wav,16000,1,PCM_16,1.0,f99035792d6b181750d90f3d6a2daf2fb0566c7735c067ea5fe8d85685b16f02,noise.orig_test.AirportAnnouncements_4.wav.24000.wav
noise.zip,noise/Pete_dataset/noise.orig_test.AirportAnnouncements_3.wav.10000.wav,16000,1,PCM_16,1.0,c5cb663dfa2947fcd8eb016eb30c1bee79b7c274bad798557aafbe8c67df98b4,noise.orig_test.AirportAnnouncements_3.wav.10000.wav
noise.zip,noise/Pete_dataset/noise.orig_test.Babble_1.wav.11000.wav,16000,1,PCM_16,1.0,ba4d7720ffadf10f7282183fa5ee5da1e642e74a9b4135e664561f2ae5fc331d,noise.orig_test.Babble_1.wav.11000.wav
noise.zip,noise/Pete_dataset/noise.orig_train.Bus_1.wav.21000.wav,16000,1,PCM_16,1.0,cfa9df69c3b8fc0bed52a42c5a381880050b215619c88919fb126aa70e5a953c,noise.orig_train.Bus_1.wav.21000.wav
noise.zip,noise/Pete_dataset/noise.orig_test.ShuttingDoor_1.wav.21000.wav,16000,1,PCM_16,1.0,fc7f6a9ae06348bfae5e5e97328351f4cd3b90b70b5fba4dc728b93274b5235a,noise.orig_test.ShuttingDoor_1.wav.21000.wav
noise.zip,noise/Pete_dataset/noise.orig_test.Typing_1.wav.140000.wav,16000,1,PCM_16,1.0,af74425b0ef426db8abe28a1f0e6b05182fec1531de6e685754141b2197b65e6,noise.orig_test.Typing_1.wav.140000.wav
noise.zip,noise/Pete_dataset/noise.orig_train.LivingRoom_1.wav.96000.wav,16000,1,PCM_16,1.0,153cd44f21dc1577e030e490820267082a6534b9d5299069a3fb8cf21d0014f2,noise.orig_train.LivingRoom_1.wav.96000.wav
noise.zip,noise/Pete_dataset/noise.orig_test.ShuttingDoor_1.wav.17000.wav,16000,1,PCM_16,1.0,f75ff6b729a4698e1d37025e7ec6a0ef60bab32203e3c8d84fa42e801fb293ab,noise.orig_test.ShuttingDoor_1.wav.17000.wav
noise.zip,noise/Pete_dataset/noise.orig_test.Typing_1.wav.7000.wav,16000,1,PCM_16,1.0,28e6d1147a12d158a31f7dbfc62b6460101d8d80bfbcdf835d95cd30a78d4103,noise.orig_test.Typing_1.wav.7000.wav
noise.zip,noise/Pete_dataset/noise.orig_test.Babble_2.wav.29000.wav,16000,1,PCM_16,1.0,4172eb027b9290e680c987952f0dcb87cc2199f21b3929b1f3d50b04528e91d8,noise.orig_test.Babble_2.wav.29000.wav
noise.zip,noise/Pete_dataset/noise.orig_test.CopyMachine_1.wav.17000.wav,16000,1,PCM_16,1.0,f049bad141586eb30d138fcfa9b8beeedd26110ae32510d4ae5814473ef92c21,noise.orig_test.CopyMachine_1.wav.17000.wav
noise.zip,noise/Pete_dataset/noise.orig_test.Neighbor_2.wav.13000.wav,16000,1,PCM_16,1.0,5667733999af191e4f03531e47c59f213a5fe389c6a9e8435552da745f5e4c9c,noise.orig_test.Neighbor_2.wav.13000.wav
noise.zip,noise/Pete_dataset/noise.orig_test.ShuttingDoor_2.wav.15000.wav,16000,1,PCM_16,1.0,1af841abc6c5f740e3f71c35973d114bdd3b2112a8b92baa4547c84a9bcc4f12,noise.orig_test.ShuttingDoor_2.wav.15000.wav
noise.zip,noise/Pete_dataset/noise.orig_test.AirportAnnouncements_3.wav.26000.wav,16000,1,PCM_16,1.0,e1bfa0ba65d69928b987bb18defb1030237abe67fd33c0e8b2ecb77b7c0e4623,noise.orig_test.AirportAnnouncements_3.wav.26000.wav
noise.zip,noise/Pete_dataset/noise.orig_test.CopyMachine_2.wav.5000.wav,16000,1,PCM_16,1.0,902e9a53feda6d969e5e3774251e9feade97ede29a74bf95655d4aab3b66dbd1,noise.orig_test.CopyMachine_2.wav.5000.wav
noise.zip,noise/Pete_dataset/noise.orig_test.AirConditioner_4.wav.3000.wav,16000,1,PCM_16,1.0,ae76e03d0f58d29c03bf2c6dbdeaae7962693a75d8d3f67d22f57eac106e5574,noise.orig_test.AirConditioner_4.wav.3000.wav
noise.zip,noise/Pete_dataset/noise.pink_noise.wav.20000.wav,16000,1,PCM_16,1.0,3a83f6353b49919ef2eb411a6a8721e5f0aa20e087c0269154b08befb8df9d3d,noise.pink_noise.wav.20000.wav
noise.zip,noise/Pete_dataset/noise.orig_train.LivingRoom_1.wav.146000.wav,16000,1,PCM_16,1.0,8f219d19ee4c24155f47b86b03c263b4c48112625eec4f551ca637612127373c,noise.orig_train.LivingRoom_1.wav.146000.wav
noise.zip,noise/Pete_dataset/noise.orig_test.Neighbor_3.wav.24000.wav,16000,1,PCM_16,1.0,165901039509cf98449d50ea7560de09d8588dfd71210c51dcb62b618122d9bd,noise.orig_test.Neighbor_3.wav.24000.wav
noise.zip,noise/Pete_dataset/noise.pink_noise.wav.32000.wav,16000,1,PCM_16,1.0,8da29e40ff57b12f3aece5ead9e3cb7adf71d22e7dc1a183032298d61280ac97,noise.pink_noise.wav.32000.wav
noise.zip,noise/Pete_dataset/noise.dude_miaowing.wav.20000.wav,16000,1,PCM_16,1.0,29c2e7b9ccdf9af2e4683c53e833874b26a0e1e320b0caee28ecc0d088dd77cd,noise.dude_miaowing.wav.20000.wav
noise.zip,noise/Pete_dataset/noise.orig_test.Babble_4.wav.73000.wav,16000,1,PCM_16,1.0,e2fb2f8a1ee09ce9ba9c39ef5b4ada86012cc88a19d25551adfdf433c003c1cf,noise.orig_test.Babble_4.wav.73000.wav
noise.zip,noise/Pete_dataset/noise.orig_test.Babble_4.wav.10000.wav,16000,1,PCM_16,1.0,450d7fe181c029a2822de5d8295ef922170a4ff793750cb6dda04c31848f15a1,noise.orig_test.Babble_4.wav.10000.wav
noise.zip,noise/Pete_dataset/noise.orig_train.LivingRoom_1.wav.113000.wav,16000,1,PCM_16,1.0,5d80349588c372aa09447fcfb9d1a67c1b52087ee87ecc3931994f83303d6093,noise.orig_train.LivingRoom_1.wav.113000.wav
noise.zip,noise/Pete_dataset/noise.orig_test.ShuttingDoor_3.wav.18000.wav,16000,1,PCM_16,1.0,297e6826f94337e1b0ec9615d474e66ba32ec0941de3b597674e7389b696fb34,noise.orig_test.ShuttingDoor_3.wav.18000.wav
noise.zip,noise/Pete_dataset/noise.doing_the_dishes.wav.66000.wav,16000,1,PCM_16,1.0,7d25a3dc5cc8ebd76cf0ae11462a1fd99a25fc4df425584d065cc2cd380a6b71,noise.doing_the_dishes.wav.66000.wav
noise.zip,noise/Pete_dataset/noise.orig_test.Typing_1.wav.27000.wav,16000,1,PCM_16,1.0,52a4b64c5f49383a2210ca48063cca0718c30b1d6fda89f889a6c3f70b2e793a,noise.orig_test.Typing_1.wav.27000.wav
noise.zip,noise/Pete_dataset/noise.orig_test.Neighbor_5.wav.3000.wav,16000,1,PCM_16,1.0,f7a00a8118421ca7653ed8b0dc62c8383d93f1ff94daa204bc2d30925b4f52ae,noise.orig_test.Neighbor_5.wav.3000.wav
noise.zip,noise/Pete_dataset/noise.orig_test.Typing_1.wav.81000.wav,16000,1,PCM_16,1.0,6e24065beb14632e28a2f64e884b0b8ea5bcae1c0c55c8e346fceaf8a78d8357,noise.orig_test.Typing_1.wav.81000.wav
noise.zip,noise/Pete_dataset/noise.orig_test.AirportAnnouncements_4.wav.32000.wav,16000,1,PCM_16,1.0,482ea316555b6f9da0dcd502615a8cbae60f0770da7eb8120334fb77c93f7861,noise.orig_test.AirportAnnouncements_4.wav.32000.wav
noise.zip,noise/Pete_dataset/noise.orig_test.Munching_4.wav.4000.wav,16000,1,PCM_16,1.0,4b9d84d5c8797ad9f0a7a0e61497af08d9beb0949bdca4375e5a6e0af07f1dd9,noise.orig_test.Munching_4.wav.4000.wav
noise.zip,noise/Pete_dataset/noise.orig_train.Bus_1.wav.37000.wav,16000,1,PCM_16,1.0,41359516e09049282bb98b8a75539d5c2014474c0f24513f6c77e6fc6f1dd9ee,noise.orig_train.Bus_1.wav.37000.wav
noise.zip,noise/Pete_dataset/noise.orig_test.Babble_2.wav.7000.wav,16000,1,PCM_16,1.0,f4efefc0af35c477743a7bbfb4e0d9855ce356ccea904768921b4c056f42dcef,noise.orig_test.Babble_2.wav.7000.wav
noise.zip,noise/Pete_dataset/noise.orig_test.AirConditioner_4.wav.19000.wav,16000,1,PCM_16,1.0,088e3ab067cec79b3d66f844bd45308e8cba8c91ba9bdae0d93a6d98f550ec48,noise.orig_test.AirConditioner_4.wav.19000.wav
noise.zip,noise/Pete_dataset/noise.orig_test.Munching_3.wav.8000.wav,16000,1,PCM_16,1.0,eee519536d20ddf9de045f59de23345d23ea40ec4ce2e14a07d48db5651e3ad8,noise.orig_test.Munching_3.wav.8000.wav
noise.zip,noise/Pete_dataset/noise.orig_test.AirConditioner_3.wav.15000.wav,16000,1,PCM_16,1.0,63a4bb258dc6c6531541e1e70a981a16dcf062a0fcda30e3b5c3e1f002c451b5,noise.orig_test.AirConditioner_3.wav.15000.wav
noise.zip,noise/Pete_dataset/noise.orig_test.Typing_1.wav.158000.wav,16000,1,PCM_16,1.0,690df471bb9550c2409a55396bf080f01af378cc30caa1a9410c9c8b667fbc57,noise.orig_test.Typing_1.wav.158000.wav
noise.zip,noise/Pete_dataset/noise.orig_test.ShuttingDoor_2.wav.8000.wav,16000,1,PCM_16,1.0,bb4860e06f9cc56d03c2b55d323fa008d2bbc4dfc8c57b3c3b95c585538743a9,noise.orig_test.ShuttingDoor_2.wav.8000.wav
noise.zip,noise/Pete_dataset/noise.orig_test.Typing_1.wav.129000.wav,16000,1,PCM_16,1.0,ec44332f61fdd7b3dbc2b915c5aec43bc55b91d5899a93e4d4bf0bc77b29bc8b,noise.orig_test.Typing_1.wav.129000.wav
noise.zip,noise/Pete_dataset/noise.orig_test.Typing_1.wav.101000.wav,16000,1,PCM_16,1.0,bedc128bda8b29d51eea7f7bd3038b7b280c06152166ca5ef3852e22b69623d6,noise.orig_test.Typing_1.wav.101000.wav
noise.zip,noise/Pete_dataset/noise.orig_test.Munching_3.wav.74000.wav,16000,1,PCM_16,1.0,11b8daeaae2fcbbbb8bcc44d894b24a8cd94044500a3476c52837ebd7d6c62a2,noise.orig_test.Munching_3.wav.74000.wav
noise.zip,noise/Pete_dataset/noise.orig_test.Munching_3.wav.17000.wav,16000,1,PCM_16,1.0,9b34b3ffd78ef2b04e46149e0ceee941260c213d077c41189a510d834f0bf6ad,noise.orig_test.Munching_3.wav.17000.wav
noise.zip,noise/Pete_dataset/noise.orig_test.Neighbor_1.wav.6000.wav,16000,1,PCM_16,1.0,9d5cf88455e0d2f89b5d8584a08add944c87738173ecc2c70bbb36c2df212202,noise.orig_test.Neighbor_1.wav.6000.wav
noise.zip,noise/Pete_dataset/noise.orig_train.Bus_1.wav.48000.wav,16000,1,PCM_16,1.0,56c08868e1cdf082a511a713deb0872cd4e3605f1c690ac89ee62341c687c869,noise.orig_train.Bus_1.wav.48000.wav
noise.zip,noise/Pete_dataset/noise.orig_test.AirConditioner_2.wav.3000.wav,16000,1,PCM_16,1.0,0fce7781755fcbecabe65d9653fed05ff9914cabeb67b7780f66925fc28b0148,noise.orig_test.AirConditioner_2.wav.3000.wav
noise.zip,noise/Pete_dataset/noise.orig_test.Typing_2.wav.6000.wav,16000,1,PCM_16,1.0,0767e680590e1ca3523dbd57378d09accc6de41081dbbf42153c9a58d74385d4,noise.orig_test.Typing_2.wav.6000.wav
noise.zip,noise/Pete_dataset/noise.orig_train.Bus_1.wav.44000.wav,16000,1,PCM_16,1.0,8e3bdd6b09868c4867feec60fdb062ba325c07de4a2b2ba16b6844c65ad65509,noise.orig_train.Bus_1.wav.44000.wav
noise.zip,noise/Pete_dataset/noise.orig_test.AirConditioner_3.wav.23000.wav,16000,1,PCM_16,1.0,57ce813d0b4c3567a7280c641c6415449d8466a8fc841771961a9a00e1a02d05,noise.orig_test.AirConditioner_3.wav.23000.wav
noise.zip,noise/Pete_dataset/noise.orig_train.Bus_1.wav.39000.wav,16000,1,PCM_16,1.0,efedb0646f24c5a2d1fcd0d206b6c5d879da6fd8b3fd97e2a62abbfec86cad71,noise.orig_train.Bus_1.wav.39000.wav
noise.zip,noise/Pete_dataset/noise.orig_test.AirConditioner_7.wav.19000.wav,16000,1,PCM_16,1.0,e9c4c3ad572b298190d7758e47133053c1bd3d4a8d119a1ad0bd761686b65903,noise.orig_test.AirConditioner_7.wav.19000.wav
noise.zip,noise/Pete_dataset/noise.orig_test.Neighbor_3.wav.45000.wav,16000,1,PCM_16,1.0,d9bc3c40cf4614a7a1b3fa334e711f369b2e6aedb40e2116d77b092cd8d6fe8e,noise.orig_test.Neighbor_3.wav.45000.wav
noise.zip,noise/Pete_dataset/noise.orig_test.ShuttingDoor_3.wav.20000.wav,16000,1,PCM_16,1.0,364a4e0e576ee5564f6e0da440baf279a32e9113465b0d06f87433f635082bc1,noise.orig_test.ShuttingDoor_3.wav.20000.wav
noise.zip,noise/Pete_dataset/noise.orig_train.LivingRoom_1.wav.144000.wav,16000,1,PCM_16,1.0,9c96c752d92e4159af6ddfd7fe114e5a930e65318a2398ce451d34d294c995eb,noise.orig_train.LivingRoom_1.wav.144000.wav
noise.zip,noise/Pete_dataset/noise.orig_test.Neighbor_3.wav.57000.wav,16000,1,PCM_16,1.0,7b493c26c1e8de457e90a63f91dfbd7840b2eb01d5b08312a1b4706ae9311749,noise.orig_test.Neighbor_3.wav.57000.wav
noise.zip,noise/Pete_dataset/noise.white_noise.wav.3000.wav,16000,1,PCM_16,1.0,d5d93d4b8290856464ffce32712c0f951989fcf13d0501470bae91ddd23292d8,noise.white_noise.wav.3000.wav
noise.zip,noise/Pete_dataset/noise.white_noise.wav.13000.wav,16000,1,PCM_16,1.0,dad961230478fc5ea7283791f5b5bcde5188ae2ae2c598cdd4e37822c2c338e0,noise.white_noise.wav.13000.wav
noise.zip,noise/Pete_dataset/noise.orig_test.AirConditioner_4.wav.1000.wav,16000,1,PCM_16,1.0,a7d378a9e5a9368b5f01f0ad33ac12568984d4a084a2209b5f1d30a77fbd11ee,noise.orig_test.AirConditioner_4.wav.1000.wav
noise.zip,noise/Pete_dataset/noise.dude_miaowing.wav.30000.wav,16000,1,PCM_16,1.0,aaf1c68cf3f75dc5f8d6e39c3a24faa7084848390d7c839ef3da841aa2c12048,noise.dude_miaowing.wav.30000.wav
noise.zip,noise/Pete_dataset/noise.orig_train.Cafe_1.wav.63000.wav,16000,1,PCM_16,1.0,59e017e21efaa7f748b0bf14eba2ceef19b5c74e344e8e7a00c1dca079e10ded,noise.orig_train.Cafe_1.wav.63000.wav
noise.zip,noise/Pete_dataset/noise.orig_test.Babble_3.wav.7000.wav,16000,1,PCM_16,1.0,fa24ddfe3e731f5afc81cc033fc13881b74ca594aca0407bc1ecffc9aab591a5,noise.orig_test.Babble_3.wav.7000.wav
noise.zip,noise/Pete_dataset/noise.orig_test.Munching_5.wav.8000.wav,16000,1,PCM_16,1.0,dd89bc7b47ac6a63229a5664c9938b76b1a60066c42d14803e792d17cae2b7f2,noise.orig_test.Munching_5.wav.8000.wav
noise.zip,noise/Pete_dataset/noise.orig_test.AirConditioner_5.wav.12000.wav,16000,1,PCM_16,1.0,9535a05ccbc9c5591bd3d9c5a84d65669c73562a241c199a05ca8a4f357ccb37,noise.orig_test.AirConditioner_5.wav.12000.wav
noise.zip,noise/Pete_dataset/noise.orig_test.AirportAnnouncements_4.wav.5000.wav,16000,1,PCM_16,1.0,04482b2e3d225c4734576805a80bb7e49eee282fbe8c9f2683acc59764e436e3,noise.orig_test.AirportAnnouncements_4.wav.5000.wav
noise.zip,noise/Pete_dataset/noise.doing_the_dishes.wav.0.wav,16000,1,PCM_16,1.0,372026037b1d1615e5335eae7149b90f7ac9b75b0a7016279d9f11adff15cdce,noise.doing_the_dishes.wav.0.wav
noise.zip,noise/Pete_dataset/noise.orig_test.AirConditioner_2.wav.10000.wav,16000,1,PCM_16,1.0,1778d275a128d2d1380da0ccb818c9ef882c87020699160cc528903f47d8c00f,noise.orig_test.AirConditioner_2.wav.10000.wav
noise.zip,noise/Pete_dataset/noise.orig_test.Neighbor_2.wav.0.wav,16000,1,PCM_16,1.0,6967cf03d2a14ad5b894ef183cdcbf158eea086cc95385d6330dc2754b79721d,noise.orig_test.Neighbor_2.wav.0.wav
noise.zip,noise/Pete_dataset/noise.exercise_bike.wav.47000.wav,16000,1,PCM_16,1.0,00c88c3efa9e6bcacd6c3c4ba668755c37a573d6b0f6801284784c1684a65e64,noise.exercise_bike.wav.47000.wav
noise.zip,noise/Pete_dataset/noise.orig_test.AirConditioner_5.wav.28000.wav,16000,1,PCM_16,1.0,f0cf0776c4ad9d1f8306c84e153730326822ed7ca6b1cf9d777f3d84058ae174,noise.orig_test.AirConditioner_5.wav.28000.wav
noise.zip,noise/Pete_dataset/noise.orig_test.AirConditioner_1.wav.12000.wav,16000,1,PCM_16,1.0,4dc69febe1e9d7d203109dd1fd06bd50a5723fc3a141f127c5a959a94ab113f1,noise.orig_test.AirConditioner_1.wav.12000.wav
noise.zip,noise/Pete_dataset/noise.doing_the_dishes.wav.76000.wav,16000,1,PCM_16,1.0,e16235c7d7f2e595e6d4ea646ebbfba7c15055465bb108bec7735571761dc553,noise.doing_the_dishes.wav.76000.wav
noise.zip,noise/Pete_dataset/noise.orig_test.Babble_4.wav.71000.wav,16000,1,PCM_16,1.0,a0ae4f87ed381d3e7d19c1459dcf0db07ffbc58975b303a21fd818c2c081b110,noise.orig_test.Babble_4.wav.71000.wav
noise.zip,noise/Pete_dataset/noise.orig_test.Typing_1.wav.37000.wav,16000,1,PCM_16,1.0,7a2842f3a441b90dc9aaa0f096ea20178ad7d0821ef83641a13dc8acacf946ad,noise.orig_test.Typing_1.wav.37000.wav
other_mosquitos_selected.zip,other_mosquitos_selected/16khz_0_20160302 154329AdM.wav,16000,1,PCM_16,28.187625,1a43622ec0d96ec1209b7e0add8c10ce56e67695154c446a529e054da50222d2,20160302 154329AdM.wav
other_mosquitos_selected.zip,other_mosquitos_selected/16khz_0_CxT F (4).wav,16000,1,PCM_16,37.3826875,765db33afc6288aa92fde49ded2167a9f17a0f341817fcd81b93694402441591,CxT F (4).wav
other_mosquitos_selected.zip,other_mosquitos_selected/16khz_1_11-18-2016-145016 rsp f.wav,16000,1,PCM_16,62.902875,d609b610a8898bce88ec72da48650faa402ae21938fb7c3d6bbda5328e3759c0,11-18-2016-145016 rsp f.wav
other_mosquitos_selected.zip,other_mosquitos_selected/16khz_0_asf1.wav,16000,1,PCM_16,75.4416875,d3a2550cb3464a50e7fac0bae993426070ddc3a04d2090d228b8f65404bb525e,asf1.wav
other_mosquitos_selected.zip,other_mosquitos_selected/16khz_0_akronf.wav,16000,1,PCM_16,63.4044375,307daec7bf2194dba04ffeaa72456cba6e8fa1266cbf353aabcb401781e325dd,akronf.wav
other_mosquitos_selected.zip,other_mosquitos_selected/16khz_0_Voice0156 dongolaf.wav,16000,1,PCM_16,60.0,8ce9394433231698ee7d9c7ef403dccb9be405ebb0380ff5320b456b57d24e79,Voice0156 dongolaf.wav
other_mosquitos_selected.zip,other_mosquitos_selected/16khz_0_Rec_1980-02-16_15.56.16afar.wav,16000,1,PCM_16,38.939875,f5388762e1d297ad3e10e2ebeaaca0f244caf879f6e1e482ee003034d1cfe02d,Rec_1980-02-16_15.56.16afar.wav
other_mosquitos_selected.zip,other_mosquitos_selected/16khz_0_P2.wav,16000,1,PCM_16,44.8363125,79f164f1a71e9b3cc1f73144b52a4218ef1ea52e3b61f0a8564384efcdeafc50,P2.wav
other_mosquitos_selected.zip,other_mosquitos_selected/16khz_0_am5.wav,16000,1,PCM_16,9.7524375,d2d92b9ce54e9e65bedb4010615beb37cb1382419a03d20691e1034ee4d51d20,am5.wav
other_mosquitos_selected.zip,other_mosquitos_selected/16khz_0_am4.wav,16000,1,PCM_16,13.444375,41124511b8843cd81e9d48b9f69db4a74636f1d5280edd3d9e73dcfd89d9a951,am4.wav
other_mosquitos_selected.zip,other_mosquitos_selected/16khz_1_11-11-2016-151731 quadri.wav,16000,1,PCM_16,60.952375,e0a2101e9cdf81bec62b64fc7a6182ac28a0100fed2cbb4bc44af08721ed66ea,11-11-2016-151731 quadri.wav
other_mosquitos_selected.zip,other_mosquitos_selected/16khz_0_Afar5.wav,16000,1,PCM_16,49.76,a7599d58184fb62f527ae7954599f2053c8ce115ce9f257e4ae05c707bc637b0,Afar5.wav
other_mosquitos_selected.zip,other_mosquitos_selected/16khz_0_Cxq 2.wav,16000,1,PCM_16,64.6095625,23c5c8cd01463a2d518a744fff5cdc3335a573c7e0d55425a789f016d3c26901,Cxq 2.wav
other_mosquitos_selected.zip,other_mosquitos_selected/16khz_0_Big Black Mosquito Glen Park - March 2016 - DS4.wav,16000,1,PCM_16,10.006375,7732e05d9a96c740384f5f2cb5664800181ffa2f5360007fff8adc9ca24489e7,Big Black Mosquito Glen Park - March 2016 - DS4.wav
other_mosquitos_selected.zip,other_mosquitos_selected/16khz_1_11-18-2016-105358 sanqua.wav,16000,1,PCM_16,62.693875,a3a8955f614cf1b77a8863b23492721af55c6d6e070b1c35083ac1a8fd80b56b,11-18-2016-105358 sanqua.wav
other_mosquitos_selected.zip,other_mosquitos_selected/16khz_0_ag4.wav,16000,1,PCM_16,4.87625,3f67a362b2138d2130e1189ffcf26f3b2ee064f762245499c5dd17e8592a32ed,ag4.wav
