name,species,label,windows,p0,p1,p2,p3,prediction
IFA_17_36_676.wav,culex pipiens complex,3,12,0.30741015,0.09370026,0.08129714,0.51759243,3
IFA_18_27_707.wav,culex pipiens complex,3,5,0.39073724,0.13185808,0.02296121,0.4544435,3
IFA_18_29_709.wav,an arabiensis,0,13,0.28982973,0.09324833,0.07817308,0.53874886,3
IFA_18_30_710.wav,culex pipiens complex,3,20,0.25718254,0.09020033,0.0058215796,0.6467956,3
IFA_19_17_737.wav,an funestus ss,1,46,0.10218212,0.8629892,0.003262783,0.031565923,1
IFA_19_18_738.wav,an arabiensis,0,23,0.39878485,0.33308992,0.06863245,0.19949278,0
IFA_19_22_742.wav,an arabiensis,0,45,0.45631918,0.40389872,0.023416406,0.11636574,0
IFA_19_31_751.wav,an arabiensis,0,38,0.35987628,0.5036376,0.03739745,0.09908861,1
IFA_19_32_752.wav,an arabiensis,0,27,0.28322926,0.54573345,0.010697574,0.16033971,1
IFA_19_34_754.wav,an arabiensis,0,13,0.23375832,0.56516254,0.014112059,0.1869671,1
IFA_20_18_778.wav,an arabiensis,0,2,0.15065444,0.60971344,0.00017981547,0.23945232,1
IFA_20_38_798.wav,an arabiensis,0,5,0.38759732,0.21483383,0.062230516,0.33533835,0
IFA_22_16_856.wav,an arabiensis,0,2,0.35486102,0.1938787,0.0006553079,0.450605,3
IFA_22_21_861.wav,an arabiensis,0,122,0.50151324,0.06807895,0.01984297,0.41056487,0
IFA_22_22_862.wav,an arabiensis,0,12,0.42795977,0.08262804,0.0363739,0.45303825,3
IFA_22_38_878.wav,an arabiensis,0,5,0.43326837,0.11156013,0.027957236,0.4272143,0
IFA_22_39_879.wav,an arabiensis,0,4,0.42794195,0.17818365,0.058509525,0.33536488,0
IFA_22_40_880.wav,an arabiensis,0,20,0.3922657,0.053616356,0.058053344,0.4960646,3
IFA_24_26_946.wav,culex pipiens complex,3,35,0.22312936,0.14781019,0.2498391,0.37922135,3
IFA_24_33_953.wav,culex pipiens complex,3,34,0.20219633,0.13284819,0.10076715,0.56418836,3
IFA_24_38_958.wav,culex pipiens complex,3,18,0.20379357,0.08878055,0.25710297,0.4503229,3
IFA_25_33_993.wav,an arabiensis,0,27,0.24938266,0.27838594,0.024553811,0.44767758,3
IFA_27_13_1053.wav,culex pipiens complex,3,19,0.24686226,0.15855376,0.0722585,0.52232546,3
IFA_27_24_1064.wav,culex pipiens complex,3,9,0.24441463,0.043469325,0.05014681,0.66196924,3
IFA_27_29_1069.wav,an funestus ss,1,31,0.32108012,0.15436499,0.21714938,0.3074055,0
IFA_27_33_1073.wav,culex pipiens complex,3,18,0.41266933,0.055018738,0.09710941,0.4352025,3
IFA_28_22_1102.wav,an arabiensis,0,7,0.24997139,0.21319911,0.20722805,0.3296015,3
IFA_29_36_1156.wav,culex pipiens complex,3,7,0.17457114,0.036621384,0.04710373,0.7417037,3
IFA_29_38_1158.wav,culex pipiens complex,3,2,0.19998619,0.18189833,0.09622432,0.5218912,3
IFA_30_25_1185.wav,culex pipiens complex,3,26,0.28611785,0.03398189,0.04914776,0.6307525,3
IFA_30_32_1192.wav,an arabiensis,0,7,0.29941446,0.13936618,0.1668986,0.3943208,3
IFA_30_37_1197.wav,an funestus ss,1,7,0.17121938,0.19216827,0.009825649,0.6267867,3
IFA_31_10_1210.wav,culex pipiens complex,3,39,0.2265669,0.228369,0.019594781,0.5254693,3
IFA_31_15_1215.wav,culex pipiens complex,3,9,0.23656458,0.030835347,0.0996609,0.63293916,3
IFA_31_18_1218.wav,culex pipiens complex,3,19,0.21157554,0.03740527,0.098848484,0.65217066,3
IFA_31_19_1219.wav,culex pipiens complex,3,39,0.2225846,0.04280287,0.09216412,0.6424484,3
IFA_31_22_1222.wav,culex pipiens complex,3,15,0.2279211,0.03963698,0.048190627,0.68425125,3
IFA_32_34_1274.wav,an arabiensis,0,25,0.25483727,0.15415233,0.1434013,0.44760907,3
IFA_33_34_1314.wav,culex pipiens complex,3,38,0.16284259,0.090419225,0.032868255,0.7138699,3
IFA_34_11_1331.wav,culex pipiens complex,3,29,0.15278223,0.055965733,0.021901166,0.7693509,3
IFA_34_31_1351.wav,culex pipiens complex,3,34,0.38779518,0.05587849,0.14409168,0.41223463,3
IFA_35_17_1377.wav,an arabiensis,0,37,0.40865603,0.031236958,0.20077166,0.35933533,0
IFA_35_20_1380.wav,an arabiensis,0,34,0.42017385,0.0683838,0.14948706,0.3619553,0
IFA_35_24_1384.wav,an arabiensis,0,25,0.24535328,0.07402157,0.29856983,0.3820553,3
IFA_35_25_1385.wav,an arabiensis,0,26,0.21407098,0.089839056,0.25991988,0.43617007,3
IFA_35_30_1390.wav,an arabiensis,0,15,0.1972699,0.016213024,0.35920286,0.4273142,3
IFA_35_39_1399.wav,culex pipiens complex,3,2,0.1836566,0.005895587,0.27111256,0.53933525,3
IFA_36_15_1415.wav,an funestus ss,1,18,0.14038806,0.052488133,0.60478884,0.202335,2
IFA_36_17_1417.wav,an arabiensis,0,34,0.26872647,0.05700691,0.25452062,0.41974604,3
IFA_36_34_1434.wav,an arabiensis,0,39,0.25890929,0.1491961,0.03773873,0.5541559,3
IFA_37_10_1450.wav,an funestus ss,1,33,0.3085099,0.12310065,0.118089974,0.45029947,3
IFA_37_21_1461.wav,culex pipiens complex,3,34,0.11443245,0.008341018,0.028416185,0.8488104,3
IFA_37_24_1464.wav,an arabiensis,0,10,0.27840796,0.034597773,0.1295467,0.55744755,3
IFA_37_38_1478.wav,culex pipiens complex,3,15,0.35731944,0.026938263,0.04190458,0.5738377,3
IFA_38_11_1491.wav,culex pipiens complex,3,33,0.2651841,0.026488112,0.14857827,0.5597495,3
IFA_38_13_1493.wav,an arabiensis,0,35,0.19232869,0.027040515,0.43020394,0.35042682,2
IFA_38_15_1495.wav,an arabiensis,0,7,0.1994747,0.03792239,0.4069419,0.35566106,2
IFA_38_18_1498.wav,an funestus ss,1,2,0.15596175,0.3437869,0.11597181,0.38427958,3
IFA_38_21_1501.wav,an arabiensis,0,5,0.21565552,0.040320013,0.21625027,0.5277742,3
IFA_39_18_1538.wav,an arabiensis,0,28,0.43711072,0.046300508,0.07691046,0.43967828,3
IFA_39_22_1542.wav,an arabiensis,0,15,0.39394143,0.1381008,0.014084235,0.45387352,3
IFA_39_26_1546.wav,an arabiensis,0,16,0.18713954,0.15689631,0.035356306,0.62060785,3
IFA_39_32_1552.wav,an arabiensis,0,15,0.17565115,0.013499469,0.036385357,0.774464,3
IFA_40_30_1590.wav,an squamosus,2,46,0.16458595,0.017780548,0.69492745,0.12270606,2
IFA_40_36_1596.wav,culex pipiens complex,3,9,0.13949364,0.014268971,0.7208779,0.12535958,2
IFA_41_17_1617.wav,an squamosus,2,31,0.14202721,0.0069959653,0.7045368,0.14644003,2
IFA_41_38_1638.wav,an arabiensis,0,27,0.21934655,0.050734755,0.49765697,0.23226172,2
IFA_43_12_1692.wav,an squamosus,2,2,0.28632945,0.0005842203,0.6283163,0.08477002,2
IFA_43_30_1710.wav,an squamosus,2,22,0.4578598,0.037914652,0.17671956,0.327506,0
IFA_44_26_1746.wav,an squamosus,2,23,0.22360003,0.03855597,0.58043283,0.1574112,2
IFA_44_29_1749.wav,an squamosus,2,31,0.15948555,0.05802476,0.60403883,0.17845085,2
IFA_44_30_1750.wav,an squamosus,2,29,0.21212,0.031263463,0.6131179,0.14349867,2
IFA_45_23_1783.wav,an arabiensis,0,36,0.20825614,0.042204786,0.44465733,0.30488175,2
IFA_45_39_1799.wav,an funestus ss,1,29,0.14933361,0.21695645,0.40484694,0.22886299,2
IFA_46_29_1829.wav,an squamosus,2,26,0.19804505,0.014801649,0.5019671,0.28518617,2
IFA_48_10_1890.wav,an arabiensis,0,2,0.58196,0.12276484,0.020073816,0.27520126,0
IFA_48_16_1896.wav,an arabiensis,0,37,0.2716237,0.32224455,0.10852807,0.2976037,1
IFA_48_19_1899.wav,culex pipiens complex,3,31,0.25588223,0.40237713,0.027672721,0.3140679,1
IFA_48_21_1901.wav,culex pipiens complex,3,29,0.3423287,0.3162032,0.05190078,0.2895673,0
IFA_49_30_1950.wav,an arabiensis,0,28,0.34746626,0.19694576,0.21530339,0.2402846,0
IFA_49_37_1957.wav,an arabiensis,0,26,0.4437329,0.21744055,0.12160209,0.2172245,0
IFA_50_35_1995.wav,culex pipiens complex,3,36,0.17519449,0.389965,0.0155295385,0.419311,3
IFA_51_12_2012.wav,culex pipiens complex,3,34,0.24074319,0.43015832,0.013024782,0.31607375,1
IFA_51_21_2021.wav,an arabiensis,0,4,0.32453895,0.4216901,0.086386554,0.16738442,1
IFA_52_10_2050.wav,an arabiensis,0,16,0.42057458,0.19030583,0.09940162,0.28971797,0
IFA_52_18_2058.wav,an arabiensis,0,53,0.5232964,0.16523501,0.01726152,0.29420704,0
IFA_53_13_2093.wav,an funestus ss,1,11,0.23984684,0.38776082,0.04104665,0.3313457,1
IFA_53_26_2106.wav,culex pipiens complex,3,31,0.20876712,0.23291385,0.015236758,0.5430823,3
IFA_53_34_2114.wav,culex pipiens complex,3,5,0.2184155,0.1896641,0.06336351,0.52855694,3
IFA_53_37_2117.wav,culex pipiens complex,3,7,0.3453929,0.04789875,0.14452206,0.46218628,3
IFA_54_30_2150.wav,culex pipiens complex,3,45,0.29043084,0.11867021,0.33330837,0.25759056,2
IFA_54_33_2153.wav,an arabiensis,0,38,0.22110863,0.12094087,0.21207501,0.44587547,3
IFA_55_10_2170.wav,culex pipiens complex,3,37,0.16760306,0.22500406,0.16847357,0.43891928,3
IFA_55_16_2176.wav,an arabiensis,0,23,0.2805942,0.014835776,0.5543204,0.15024963,2
IFA_55_18_2178.wav,an funestus ss,1,47,0.28599077,0.14122047,0.19283544,0.3799533,3
IFA_55_25_2185.wav,culex pipiens complex,3,12,0.17756556,0.108299226,0.4552128,0.25892246,2
IFA_55_30_2190.wav,an arabiensis,0,36,0.2707741,0.021650136,0.36602628,0.34154952,2
IFA_55_31_2191.wav,culex pipiens complex,3,7,0.19148692,0.0368655,0.5299974,0.2416502,2
IFA_56_13_2213.wav,culex pipiens complex,3,23,0.23097119,0.06212897,0.18786934,0.5190305,3
IFA_56_37_2237.wav,an squamosus,2,45,0.22516888,0.21098734,0.27948606,0.28435773,3
IFA_57_12_2252.wav,culex pipiens complex,3,26,0.31319427,0.009824027,0.42910516,0.24787651,2
IFA_57_18_2258.wav,an arabiensis,0,34,0.28974217,0.020011842,0.4986932,0.19155285,2
IFA_57_21_2261.wav,an squamosus,2,18,0.26305345,0.029530862,0.2847155,0.42270023,3
IFA_57_38_2278.wav,culex pipiens complex,3,39,0.2040455,0.077189796,0.4513654,0.2673993,2
IFA_58_18_2298.wav,an squamosus,2,5,0.5300192,0.021828905,0.15790491,0.2902469,0
IFA_59_17_2337.wav,culex pipiens complex,3,26,0.24201894,0.040564194,0.3891753,0.32824156,2
IFA_59_21_2341.wav,culex pipiens complex,3,29,0.18568765,0.07439535,0.3673342,0.3725828,3
IFA_60_12_2372.wav,an squamosus,2,26,0.2144572,0.051254246,0.5309297,0.20335887,2
IFA_60_16_2376.wav,an squamosus,2,34,0.23206517,0.035588194,0.5435873,0.1887593,2
IFA_60_18_2378.wav,an squamosus,2,29,0.23160952,0.06407381,0.50536674,0.19894992,2
IFA_60_20_2380.wav,an squamosus,2,4,0.16415986,0.03812705,0.63141024,0.16630286,2
IFA_60_24_2384.wav,culex pipiens complex,3,28,0.21805407,0.059556145,0.43243408,0.28995568,2
IFA_60_25_2385.wav,culex pipiens complex,3,23,0.2396641,0.035426974,0.522859,0.20204994,2
IFA_60_34_2394.wav,culex pipiens complex,3,18,0.32250494,0.055151094,0.2224963,0.39984766,3
IFA_60_36_2396.wav,culex pipiens complex,3,31,0.27431774,0.06348661,0.24759859,0.41459706,3
IFA_61_12_2412.wav,an arabiensis,0,41,0.21828097,0.037202917,0.48702446,0.25749168,2
IFA_61_13_2413.wav,an arabiensis,0,33,0.3244393,0.030931419,0.18609342,0.45853588,3
IFA_61_22_2422.wav,an arabiensis,0,10,0.27923697,0.097518966,0.22181669,0.40142736,3
IFA_61_40_2440.wav,an arabiensis,0,39,0.44170374,0.018216996,0.22953534,0.31054392,0
IFA_62_11_2451.wav,an arabiensis,0,31,0.47978193,0.035610262,0.19271901,0.2918888,0
IFA_62_15_2455.wav,an arabiensis,0,31,0.4115669,0.023211474,0.28783223,0.27738938,0
IFA_62_19_2459.wav,an arabiensis,0,37,0.28902116,0.031123722,0.5008122,0.17904295,2
IFA_62_25_2465.wav,an arabiensis,0,50,0.3241104,0.10807585,0.18428585,0.3835279,3
IFA_62_31_2471.wav,an arabiensis,0,45,0.29568574,0.09755087,0.25494388,0.35181952,3
IFA_62_32_2472.wav,an arabiensis,0,36,0.30987337,0.034140673,0.44558483,0.2104011,2
IFA_62_34_2474.wav,an arabiensis,0,29,0.45614147,0.021922532,0.29958248,0.22235355,0
IFA_62_35_2475.wav,an arabiensis,0,34,0.4582421,0.030972643,0.20395659,0.3068287,0
IFA_62_39_2479.wav,an arabiensis,0,31,0.5440577,0.02137899,0.24022025,0.19434305,0
IFA_63_11_2491.wav,an funestus ss,1,17,0.32864887,0.052376866,0.35914454,0.25982973,2
IFA_63_16_2496.wav,an funestus ss,1,29,0.33080056,0.077491775,0.29079646,0.30091125,0
IFA_63_18_2498.wav,an funestus ss,1,34,0.23921894,0.34541416,0.11140029,0.3039666,1
IFA_63_23_2503.wav,culex pipiens complex,3,36,0.25957903,0.10785718,0.27572665,0.35683715,3
IFA_63_24_2504.wav,an arabiensis,0,42,0.37889332,0.014756454,0.3908073,0.21554293,2
IFA_64_11_2531.wav,an arabiensis,0,13,0.16943406,0.03298901,0.59845895,0.19911799,2
IFA_64_18_2538.wav,an funestus ss,1,36,0.254919,0.1614186,0.32972944,0.253933,2
IFA_64_19_2539.wav,an funestus ss,1,36,0.26735267,0.17037386,0.33437577,0.2278977,2
IFA_65_34_2594.wav,culex pipiens complex,3,40,0.24976847,0.104438975,0.33249664,0.3132959,2
IFA_65_38_2598.wav,culex pipiens complex,3,23,0.31297,0.32422242,0.1208664,0.24194117,1
IFA_66_16_2616.wav,an arabiensis,0,34,0.6721351,0.03232464,0.091362655,0.20417756,0
IFA_66_37_2637.wav,an funestus ss,1,39,0.6067289,0.064181834,0.09068829,0.23840095,0
IFA_67_22_2662.wav,an funestus ss,1,33,0.4201883,0.20133655,0.11429058,0.2641846,0
IFA_67_25_2665.wav,an funestus ss,1,17,0.42684084,0.24093468,0.08333139,0.2488931,0
IFA_67_29_2669.wav,an arabiensis,0,33,0.33268785,0.11870717,0.2582203,0.29038474,0
IFA_68_27_2707.wav,an funestus ss,1,10,0.4498114,0.18718646,0.12879264,0.23420954,0
IFA_68_40_2720.wav,an arabiensis,0,42,0.4987827,0.06910322,0.23418348,0.19793063,0
IFA_69_15_2735.wav,culex pipiens complex,3,45,0.38718957,0.110920236,0.26874125,0.23314892,0
IFA_71_10_2810.wav,an arabiensis,0,42,0.5496838,0.034980033,0.23716913,0.17816705,0
IFA_71_18_2818.wav,an funestus ss,1,42,0.35562003,0.25672087,0.095755644,0.29190344,0
IFA_71_21_2821.wav,an funestus ss,1,47,0.42160484,0.28561434,0.0802528,0.21252802,0
IFA_71_29_2829.wav,an funestus ss,1,55,0.37244806,0.27378199,0.048729666,0.30504027,0
IFA_71_32_2832.wav,an funestus ss,1,37,0.30153063,0.45289716,0.029736409,0.21583581,1
IFA_72_14_2854.wav,an arabiensis,0,39,0.500738,0.029117208,0.29527608,0.17486864,0
IFA_72_15_2855.wav,an arabiensis,0,37,0.56793153,0.009296987,0.30560148,0.11716998,0
IFA_72_27_2867.wav,an funestus ss,1,45,0.4586792,0.11124496,0.09092472,0.3391511,0
IFA_72_31_2871.wav,an funestus ss,1,53,0.6279733,0.056207914,0.07123473,0.24458405,0
IFA_72_33_2873.wav,an arabiensis,0,37,0.46844745,0.08447241,0.07456695,0.3725132,0
IFA_72_39_2879.wav,an arabiensis,0,26,0.56481653,0.029740315,0.22001784,0.18542531,0
IFA_73_18_2898.wav,an arabiensis,0,22,0.58800554,0.06864068,0.1483181,0.19503568,0
IFA_73_21_2901.wav,an arabiensis,0,37,0.81102353,0.011030258,0.09209075,0.08585545,0
IFA_73_23_2903.wav,an funestus ss,1,34,0.36350223,0.2163286,0.14516155,0.2750076,0
IFA_73_28_2908.wav,an funestus ss,1,31,0.51083195,0.17898507,0.06639321,0.24378979,0
IFA_73_33_2913.wav,an arabiensis,0,28,0.49493977,0.06569313,0.23701678,0.2023503,0
IFA_73_34_2914.wav,an arabiensis,0,26,0.51847875,0.024829514,0.29681766,0.15987407,0
IFA_75_12_2972.wav,an funestus ss,1,55,0.40911594,0.26971713,0.091176495,0.22999044,0
IFA_75_14_2974.wav,an arabiensis,0,50,0.5300419,0.024320219,0.24590963,0.19972831,0
IFA_75_19_2979.wav,an arabiensis,0,37,0.43002927,0.05532679,0.2844935,0.23015043,0
IFA_75_27_2987.wav,an arabiensis,0,58,0.5669493,0.033379827,0.26108816,0.13858274,0
IFA_75_28_2988.wav,culex pipiens complex,3,36,0.37684357,0.09329199,0.20781115,0.3220533,0
IFA_75_32_2992.wav,an arabiensis,0,42,0.49272257,0.06913352,0.23040174,0.20774218,0
IFA_76_12_3012.wav,culex pipiens complex,3,36,0.43615672,0.06897242,0.082997404,0.41187346,0
IFA_76_15_3015.wav,an arabiensis,0,42,0.52616733,0.038772434,0.04199911,0.39306113,0
IFA_85_11_3371.wav,an funestus ss,1,26,0.14785871,0.7643446,0.004332639,0.083464034,1
IFA_85_14_3374.wav,an funestus ss,1,42,0.08231919,0.8658496,0.007869021,0.043962173,1
IFA_85_24_3384.wav,an funestus ss,1,31,0.069577925,0.87829417,0.012304069,0.039823845,1
IFA_85_33_3393.wav,an funestus ss,1,15,0.14906591,0.7431593,0.020897437,0.086877376,1
IFA_86_15_3415.wav,an funestus ss,1,34,0.22887406,0.5044996,0.10992323,0.15670311,1
IFA_86_16_3416.wav,an funestus ss,1,47,0.10748436,0.7076519,0.079933725,0.104930036,1
IFA_86_20_3420.wav,an funestus ss,1,29,0.05346536,0.88627297,0.016712409,0.043549273,1
IFA_86_21_3421.wav,an funestus ss,1,34,0.14990392,0.49389464,0.19015653,0.16604488,1
IFA_86_30_3430.wav,an funestus ss,1,39,0.09316899,0.72765636,0.029457282,0.14971736,1
IFA_86_40_3440.wav,an funestus ss,1,26,0.29191062,0.3099093,0.22296447,0.17521562,1
IFA_87_10_3450.wav,an funestus ss,1,42,0.21927609,0.5259937,0.1162113,0.13851888,1
