id,exists,sample_rate_wav,channels,sample_width_bytes,frames,duration_wav,length,duration_diff_s
221149,True,44100,1,3,112896,2.56,2.56,0.0
221150,True,44100,1,3,112895,2.5599773242630386,2.56,2.2675736961463855e-05
221145,True,44100,1,3,1693440,38.4,38.4,0.0
221146,True,44100,1,3,225792,5.12,5.12,0.0
221144,True,44100,1,3,112895,2.5599773242630386,2.56,2.2675736961463855e-05
221102,True,44100,1,3,564480,12.8,12.8,0.0
221101,True,44100,1,3,112896,2.56,2.56,0.0
221132,True,44100,1,3,112896,2.56,2.56,0.0
221131,True,44100,1,3,338688,7.68,7.68,0.0
221158,True,44100,1,3,338688,7.68,7.68,0.0
221157,True,44100,1,3,225792,5.12,5.12,0.0
221133,True,44100,1,3,112896,2.56,2.56,0.0
221151,True,44100,1,3,564479,12.799977324263038,12.8,2.2675736962796122e-05
221105,True,44100,1,3,112896,2.56,2.56,0.0
221107,True,44100,1,3,112896,2.56,2.56,0.0
221106,True,44100,1,3,451584,10.24,10.24,0.0
221104,True,44100,1,3,112896,2.56,2.56,0.0
221109,True,44100,1,3,112896,2.56,2.56,0.0
221128,True,44100,1,3,564480,12.8,12.8,0.0
221130,True,44100,1,3,112895,2.5599773242630386,2.56,2.2675736961463855e-05
221129,True,44100,1,3,112895,2.5599773242630386,2.56,2.2675736961463855e-05
221147,True,44100,1,3,564480,12.8,12.8,0.0
221116,True,44100,1,3,112895,2.5599773242630386,2.56,2.2675736961463855e-05
221141,True,44100,1,3,338688,7.68,7.68,0.0
221142,True,44100,1,3,451583,10.23997732426304,10.24,2.2675736961019766e-05
221108,True,44100,1,3,790272,17.92,17.92,0.0
221114,True,44100,1,3,225792,5.12,5.12,0.0
221100,True,44100,1,3,112896,2.56,2.56,0.0
221143,True,44100,1,3,564479,12.799977324263038,12.8,2.2675736962796122e-05
221113,True,44100,1,3,112896,2.56,2.56,0.0
221112,True,44100,1,3,790271,17.919977324263037,17.92,2.267573696457248e-05
221118,True,44100,1,3,225792,5.12,5.12,0.0
221117,True,44100,1,3,112896,2.56,2.56,0.0
221115,True,44100,1,3,790272,17.92,17.92,0.0
221164,True,44100,1,3,225791,5.119977324263038,5.12,2.2675736961907944e-05
221201,True,44100,1,3,112895,2.5599773242630386,2.56,2.2675736961463855e-05
221200,True,44100,1,3,112896,2.56,2.56,0.0
221167,True,44100,1,3,112895,2.5599773242630386,2.56,2.2675736961463855e-05
221166,True,44100,1,3,112896,2.56,2.56,0.0
221165,True,44100,1,3,338688,7.68,7.68,0.0
221180,True,44100,1,3,677376,15.36,15.36,0.0
221181,True,44100,1,3,338688,7.68,7.68,0.0
221182,True,44100,1,3,338688,7.68,7.68,0.0
221183,True,44100,1,3,112895,2.5599773242630386,2.56,2.2675736961463855e-05
221206,True,44100,1,3,225792,5.12,5.12,0.0
221205,True,44100,1,3,225791,5.119977324263038,5.12,2.2675736961907944e-05
221208,True,44100,1,3,1354752,30.72,30.72,0.0
221207,True,44100,1,3,112896,2.56,2.56,0.0
221172,True,44100,1,3,338688,7.68,7.68,0.0
221173,True,44100,1,3,451584,10.24,10.24,0.0
221174,True,44100,1,3,1239210,28.1,28.1,0.0
221177,True,44100,1,3,338688,7.68,7.68,0.0
221176,True,44100,1,3,112896,2.56,2.56,0.0
221175,True,44100,1,3,225792,5.12,5.12,0.0
221178,True,44100,1,3,112895,2.5599773242630386,2.56,2.2675736961463855e-05
221179,True,44100,1,3,336041,7.619977324263038,7.62,2.2675736961907944e-05
221210,True,44100,1,3,2819754,63.94,63.94,0.0
221196,True,44100,1,3,112896,2.56,2.56,0.0
221197,True,44100,1,3,1577898,35.78,35.78,0.0
221211,True,44100,1,3,112896,2.56,2.56,0.0
221212,True,44100,1,3,564480,12.8,12.8,0.0
221199,True,44100,1,3,1916586,43.46,43.46,0.0
221195,True,44100,1,3,451583,10.23997732426304,10.24,2.2675736961019766e-05
221194,True,44100,1,3,451583,10.23997732426304,10.24,2.2675736961019766e-05
221193,True,44100,1,3,112896,2.56,2.56,0.0
221159,True,44100,1,3,112896,2.56,2.56,0.0
221160,True,44100,1,3,225791,5.119977324263038,5.12,2.2675736961907944e-05
221161,True,44100,1,3,112895,2.5599773242630386,2.56,2.2675736961463855e-05
221163,True,44100,1,3,112896,2.56,2.56,0.0
221162,True,44100,1,3,451584,10.24,10.24,0.0
221215,True,44100,1,3,338688,7.68,7.68,0.0
221216,True,44100,1,3,110250,2.5,2.5,0.0
221214,True,44100,1,3,225791,5.119977324263038,5.12,2.2675736961907944e-05
221213,True,44100,1,3,903168,20.48,20.48,0.0
221190,True,44100,1,3,225791,5.119977324263038,5.12,2.2675736961907944e-05
221189,True,44100,1,3,112896,2.56,2.56,0.0
221188,True,44100,1,3,225792,5.12,5.12,0.0
221187,True,44100,1,3,112896,2.56,2.56,0.0
221209,True,44100,1,3,903168,20.48,20.48,0.0
221204,True,44100,1,3,223145,5.059977324263039,5.06,2.2675736961019766e-05
221203,True,44100,1,3,677376,15.36,15.36,0.0
221202,True,44100,1,3,790271,17.919977324263037,17.92,2.267573696457248e-05
221170,True,44100,1,3,225792,5.12,5.12,0.0
221169,True,44100,1,3,225792,5.12,5.12,0.0
221168,True,44100,1,3,338688,7.68,7.68,0.0
221171,True,44100,1,3,451584,10.24,10.24,0.0
221198,True,44100,1,3,564480,12.8,12.8,0.0
221184,True,44100,1,3,225792,5.12,5.12,0.0
221186,True,44100,1,3,225791,5.119977324263038,5.12,2.2675736961907944e-05
221185,True,44100,1,3,112895,2.5599773242630386,2.56,2.2675736961463855e-05
221191,True,44100,1,3,112896,2.56,2.56,0.0
221192,True,44100,1,3,112896,2.56,2.56,0.0
220517,True,44100,1,3,225792,5.12,5.12,0.0
220516,True,44100,1,3,338688,7.68,7.68,0.0
220520,True,44100,1,3,225791,5.119977324263038,5.12,2.2675736961907944e-05
220521,True,44100,1,3,112896,2.56,2.56,0.0
220522,True,44100,1,3,112896,2.56,2.56,0.0
220515,True,44100,1,3,112896,2.56,2.56,0.0
220518,True,44100,1,3,451584,10.24,10.24,0.0
220519,True,44100,1,3,112896,2.56,2.56,0.0
220512,True,44100,1,3,112896,2.56,2.56,0.0
220513,True,44100,1,3,112896,2.56,2.56,0.0
220514,True,44100,1,3,225792,5.12,5.12,0.0
220511,True,44100,1,3,338688,7.68,7.68,0.0
220553,True,44100,1,3,112896,2.56,2.56,0.0
220543,True,44100,1,3,225791,5.119977324263038,5.12,2.2675736961907944e-05
220538,True,44100,1,3,225792,5.12,5.12,0.0
220541,True,44100,1,3,225792,5.12,5.12,0.0
220540,True,44100,1,3,112896,2.56,2.56,0.0
220542,True,44100,1,3,112896,2.56,2.56,0.0
220554,True,44100,1,3,112896,2.56,2.56,0.0
220552,True,44100,1,3,451583,10.23997732426304,10.24,2.2675736961019766e-05
220528,True,44100,1,3,112896,2.56,2.56,0.0
220539,True,44100,1,3,112896,2.56,2.56,0.0
220533,True,44100,1,3,225792,5.12,5.12,0.0
220534,True,44100,1,3,112896,2.56,2.56,0.0
220527,True,44100,1,3,112896,2.56,2.56,0.0
220526,True,44100,1,3,1016064,23.04,23.04,0.0
220523,True,44100,1,3,5193216,117.76,117.76,0.0
220549,True,44100,1,3,225792,5.12,5.12,0.0
220547,True,44100,1,3,112895,2.5599773242630386,2.56,2.2675736961463855e-05
220548,True,44100,1,3,225792,5.12,5.12,0.0
220535,True,44100,1,3,2032128,46.08,46.08,0.0
220537,True,44100,1,3,223146,5.06,5.06,0.0
220536,True,44100,1,3,112896,2.56,2.56,0.0
220551,True,44100,1,3,112895,2.5599773242630386,2.56,2.2675736961463855e-05
220550,True,44100,1,3,225792,5.12,5.12,0.0
220545,True,44100,1,3,225792,5.12,5.12,0.0
220544,True,44100,1,3,338688,7.68,7.68,0.0
220524,True,44100,1,3,112896,2.56,2.56,0.0
220525,True,44100,1,3,225791,5.119977324263038,5.12,2.2675736961907944e-05
220555,True,44100,1,3,225792,5.12,5.12,0.0
220532,True,44100,1,3,112896,2.56,2.56,0.0
220531,True,44100,1,3,225792,5.12,5.12,0.0
220530,True,44100,1,3,112896,2.56,2.56,0.0
220529,True,44100,1,3,112895,2.5599773242630386,2.56,2.2675736961463855e-05
220556,True,44100,1,3,225792,5.12,5.12,0.0
220558,True,44100,1,3,448938,10.18,10.18,0.0
220557,True,44100,1,3,225791,5.119977324263038,5.12,2.2675736961907944e-05
220559,True,44100,1,3,112895,2.5599773242630386,2.56,2.2675736961463855e-05
220565,True,44100,1,3,903168,20.48,20.48,0.0
220566,True,44100,1,3,677376,15.36,15.36,0.0
220605,True,44100,1,3,112896,2.56,2.56,0.0
220606,True,44100,1,3,112896,2.56,2.56,0.0
220590,True,44100,1,3,225791,5.119977324263038,5.12,2.2675736961907944e-05
220564,True,44100,1,3,112896,2.56,2.56,0.0
220610,True,44100,1,3,112895,2.5599773242630386,2.56,2.2675736961463855e-05
220587,True,44100,1,3,338688,7.68,7.68,0.0
220589,True,44100,1,3,112896,2.56,2.56,0.0
220588,True,44100,1,3,112896,2.56,2.56,0.0
220643,True,44100,1,3,900522,20.42,20.42,0.0
220642,True,44100,1,3,677376,15.36,15.36,0.0
220657,True,44100,1,3,1803690,40.9,40.9,0.0
220631,True,44100,1,3,1016064,23.04,23.04,0.0
220654,True,44100,1,3,338688,7.68,7.68,0.0
220655,True,44100,1,3,1016064,23.04,23.04,0.0
220656,True,44100,1,3,338688,7.68,7.68,0.0
220634,True,44100,1,3,677376,15.36,15.36,0.0
220636,True,44100,1,3,225791,5.119977324263038,5.12,2.2675736961907944e-05
220635,True,44100,1,3,677376,15.36,15.36,0.0
220685,True,44100,1,3,900522,20.42,20.42,0.0
220684,True,44100,1,3,564480,12.8,12.8,0.0
220639,True,44100,1,3,451584,10.24,10.24,0.0
220640,True,44100,1,3,112895,2.5599773242630386,2.56,2.2675736961463855e-05
220638,True,44100,1,3,112896,2.56,2.56,0.0
220668,True,44100,1,3,338688,7.68,7.68,0.0
220667,True,44100,1,3,112896,2.56,2.56,0.0
220665,True,44100,1,3,451583,10.23997732426304,10.24,2.2675736961019766e-05
220666,True,44100,1,3,112896,2.56,2.56,0.0
220664,True,44100,1,3,112896,2.56,2.56,0.0
220686,True,44100,1,3,790272,17.92,17.92,0.0
220628,True,44100,1,3,903168,20.48,20.48,0.0
220627,True,44100,1,3,112896,2.56,2.56,0.0
220646,True,44100,1,3,1016064,23.04,23.04,0.0
220645,True,44100,1,3,790271,17.919977324263037,17.92,2.267573696457248e-05
220648,True,44100,1,3,225792,5.12,5.12,0.0
220649,True,44100,1,3,338688,7.68,7.68,0.0
220629,True,44100,1,3,338688,7.68,7.68,0.0
220630,True,44100,1,3,336042,7.62,7.62,0.0
220693,True,44100,1,3,338688,7.68,7.68,0.0
220692,True,44100,1,3,225791,5.119977324263038,5.12,2.2675736961907944e-05
220626,True,44100,1,3,451584,10.24,10.24,0.0
220670,True,44100,1,3,338688,7.68,7.68,0.0
220671,True,44100,1,3,1128960,25.6,25.6,0.0
220650,True,44100,1,3,564479,12.799977324263038,12.8,2.2675736962796122e-05
220652,True,44100,1,3,451584,10.24,10.24,0.0
220651,True,44100,1,3,451584,10.24,10.24,0.0
220653,True,44100,1,3,110250,2.5,2.5,0.0
220852,True,44100,1,3,1577898,35.78,35.78,0.0
220835,True,44100,1,3,1016064,23.04,23.04,0.0
220834,True,44100,1,3,112895,2.5599773242630386,2.56,2.2675736961463855e-05
220836,True,44100,1,3,110250,2.5,2.5,0.0
220853,True,44100,1,3,1016064,23.04,23.04,0.0
220855,True,44100,1,3,223145,5.059977324263039,5.06,2.2675736961019766e-05
220854,True,44100,1,3,451584,10.24,10.24,0.0
220867,True,44100,1,3,112895,2.5599773242630386,2.56,2.2675736961463855e-05
220851,True,44100,1,3,112896,2.56,2.56,0.0
220850,True,44100,1,3,338688,7.68,7.68,0.0
220849,True,44100,1,3,112896,2.56,2.56,0.0
220753,True,44100,1,3,112896,2.56,2.56,0.0
220754,True,44100,1,3,1352106,30.66,30.66,0.0
220750,True,44100,1,3,1352106,30.66,30.66,0.0
220774,True,44100,1,3,112896,2.56,2.56,0.0
220771,True,44100,1,3,225792,5.12,5.12,0.0
220773,True,44100,1,3,338688,7.68,7.68,0.0
220772,True,44100,1,3,225792,5.12,5.12,0.0
220752,True,44100,1,3,112895,2.5599773242630386,2.56,2.2675736961463855e-05
220751,True,44100,1,3,225792,5.12,5.12,0.0
220759,True,44100,1,3,112896,2.56,2.56,0.0
220756,True,44100,1,3,338688,7.68,7.68,0.0
220758,True,44100,1,3,338688,7.68,7.68,0.0
220757,True,44100,1,3,451584,10.24,10.24,0.0
220761,True,44100,1,3,336041,7.619977324263038,7.62,2.2675736961907944e-05
220767,True,44100,1,3,787626,17.86,17.86,0.0
220766,True,44100,1,3,112895,2.5599773242630386,2.56,2.2675736961463855e-05
220765,True,44100,1,3,112896,2.56,2.56,0.0
220764,True,44100,1,3,112896,2.56,2.56,0.0
220763,True,44100,1,3,112895,2.5599773242630386,2.56,2.2675736961463855e-05
220755,True,44100,1,3,225791,5.119977324263038,5.12,2.2675736961907944e-05
220770,True,44100,1,3,336041,7.619977324263038,7.62,2.2675736961907944e-05
220769,True,44100,1,3,112895,2.5599773242630386,2.56,2.2675736961463855e-05
220768,True,44100,1,3,677376,15.36,15.36,0.0
220777,True,44100,1,3,1128960,25.6,25.6,0.0
220778,True,44100,1,3,336041,7.619977324263038,7.62,2.2675736961907944e-05
220760,True,44100,1,3,1354752,30.72,30.72,0.0
220762,True,44100,1,3,1803690,40.9,40.9,0.0
220783,True,44100,1,3,903168,20.48,20.48,0.0
220782,True,44100,1,3,790272,17.92,17.92,0.0
220789,True,44100,1,3,110250,2.5,2.5,0.0
220788,True,44100,1,3,564480,12.8,12.8,0.0
220785,True,44100,1,3,112895,2.5599773242630386,2.56,2.2675736961463855e-05
220786,True,44100,1,3,225792,5.12,5.12,0.0
220822,True,44100,1,3,110250,2.5,2.5,0.0
220821,True,44100,1,3,112896,2.56,2.56,0.0
220820,True,44100,1,3,1693440,38.4,38.4,0.0
220780,True,44100,1,3,225792,5.12,5.12,0.0
220779,True,44100,1,3,451584,10.24,10.24,0.0
220795,True,44100,1,3,225791,5.119977324263038,5.12,2.2675736961907944e-05
220794,True,44100,1,3,338688,7.68,7.68,0.0
220817,True,44100,1,3,903167,20.47997732426304,20.48,2.2675736961019766e-05
220793,True,44100,1,3,223145,5.059977324263039,5.06,2.2675736961019766e-05
220792,True,44100,1,3,225792,5.12,5.12,0.0
220790,True,44100,1,3,225792,5.12,5.12,0.0
220791,True,44100,1,3,112896,2.56,2.56,0.0
220784,True,44100,1,3,677376,15.36,15.36,0.0
220716,True,44100,1,3,112896,2.56,2.56,0.0
220717,True,44100,1,3,225791,5.119977324263038,5.12,2.2675736961907944e-05
220738,True,44100,1,3,110250,2.5,2.5,0.0
220737,True,44100,1,3,903168,20.48,20.48,0.0
220732,True,44100,1,3,1013418,22.98,22.98,0.0
220745,True,44100,1,3,1916586,43.46,43.46,0.0
220730,True,44100,1,3,112895,2.5599773242630386,2.56,2.2675736961463855e-05
220729,True,44100,1,3,112896,2.56,2.56,0.0
220728,True,44100,1,3,225792,5.12,5.12,0.0
220747,True,44100,1,3,225791,5.119977324263038,5.12,2.2675736961907944e-05
220748,True,44100,1,3,336041,7.619977324263038,7.62,2.2675736961907944e-05
220746,True,44100,1,3,338688,7.68,7.68,0.0
220725,True,44100,1,3,112896,2.56,2.56,0.0
220726,True,44100,1,3,1126314,25.54,25.54,0.0
220713,True,44100,1,3,338688,7.68,7.68,0.0
220714,True,44100,1,3,112895,2.5599773242630386,2.56,2.2675736961463855e-05
220723,True,44100,1,3,903168,20.48,20.48,0.0
220742,True,44100,1,3,110250,2.5,2.5,0.0
220741,True,44100,1,3,225792,5.12,5.12,0.0
220739,True,44100,1,3,112895,2.5599773242630386,2.56,2.2675736961463855e-05
220740,True,44100,1,3,451584,10.24,10.24,0.0
220718,True,44100,1,3,451584,10.24,10.24,0.0
220719,True,44100,1,3,674730,15.3,15.3,0.0
220727,True,44100,1,3,1352106,30.66,30.66,0.0
220724,True,44100,1,3,112896,2.56,2.56,0.0
220708,True,44100,1,3,564479,12.799977324263038,12.8,2.2675736962796122e-05
220707,True,44100,1,3,338688,7.68,7.68,0.0
220706,True,44100,1,3,112896,2.56,2.56,0.0
220703,True,44100,1,3,112896,2.56,2.56,0.0
220702,True,44100,1,3,338688,7.68,7.68,0.0
220701,True,44100,1,3,338688,7.68,7.68,0.0
220715,True,44100,1,3,564480,12.8,12.8,0.0
220705,True,44100,1,3,1016064,23.04,23.04,0.0
220704,True,44100,1,3,451583,10.23997732426304,10.24,2.2675736961019766e-05
220722,True,44100,1,3,225791,5.119977324263038,5.12,2.2675736961907944e-05
220721,True,44100,1,3,338688,7.68,7.68,0.0
220731,True,44100,1,3,223146,5.06,5.06,0.0
220699,True,44100,1,3,112896,2.56,2.56,0.0
220700,True,44100,1,3,225792,5.12,5.12,0.0
220733,True,44100,1,3,1126314,25.54,25.54,0.0
220734,True,44100,1,3,112896,2.56,2.56,0.0
220743,True,44100,1,3,451583,10.23997732426304,10.24,2.2675736961019766e-05
220744,True,44100,1,3,225792,5.12,5.12,0.0
220968,True,44100,1,3,112895,2.5599773242630386,2.56,2.2675736961463855e-05
220932,True,44100,1,3,112896,2.56,2.56,0.0
220933,True,44100,1,3,225792,5.12,5.12,0.0
220954,True,44100,1,3,900521,20.419977324263037,20.42,2.267573696457248e-05
220953,True,44100,1,3,112896,2.56,2.56,0.0
220964,True,44100,1,3,564480,12.8,12.8,0.0
220928,True,44100,1,3,674730,15.3,15.3,0.0
220927,True,44100,1,3,451584,10.24,10.24,0.0
220956,True,44100,1,3,451584,10.24,10.24,0.0
220955,True,44100,1,3,790271,17.919977324263037,17.92,2.267573696457248e-05
220926,True,44100,1,3,1352106,30.66,30.66,0.0
220950,True,44100,1,3,1016064,23.04,23.04,0.0
220963,True,44100,1,3,1354752,30.72,30.72,0.0
220967,True,44100,1,3,1013418,22.98,22.98,0.0
220965,True,44100,1,3,112895,2.5599773242630386,2.56,2.2675736961463855e-05
220966,True,44100,1,3,112895,2.5599773242630386,2.56,2.2675736961463855e-05
220971,True,44100,1,3,1241856,28.16,28.16,0.0
220940,True,44100,1,3,1126314,25.54,25.54,0.0
220930,True,44100,1,3,338688,7.68,7.68,0.0
220929,True,44100,1,3,338688,7.68,7.68,0.0
220961,True,44100,1,3,338688,7.68,7.68,0.0
220960,True,44100,1,3,564480,12.8,12.8,0.0
220962,True,44100,1,3,225791,5.119977324263038,5.12,2.2675736961907944e-05
220925,True,44100,1,3,225791,5.119977324263038,5.12,2.2675736961907944e-05
220924,True,44100,1,3,1016064,23.04,23.04,0.0
220959,True,44100,1,3,1239210,28.1,28.1,0.0
220923,True,44100,1,3,1128960,25.6,25.6,0.0
220957,True,44100,1,3,338688,7.68,7.68,0.0
220949,True,44100,1,3,112895,2.5599773242630386,2.56,2.2675736961463855e-05
220948,True,44100,1,3,225791,5.119977324263038,5.12,2.2675736961907944e-05
220941,True,44100,1,3,1352106,30.66,30.66,0.0
220944,True,44100,1,3,338688,7.68,7.68,0.0
220943,True,44100,1,3,677376,15.36,15.36,0.0
220942,True,44100,1,3,112896,2.56,2.56,0.0
220946,True,44100,1,3,112896,2.56,2.56,0.0
220947,True,44100,1,3,225792,5.12,5.12,0.0
220934,True,44100,1,3,1241856,28.16,28.16,0.0
220958,True,44100,1,3,112896,2.56,2.56,0.0
220945,True,44100,1,3,1690794,38.34,38.34,0.0
220938,True,44100,1,3,110250,2.5,2.5,0.0
220937,True,44100,1,3,112895,2.5599773242630386,2.56,2.2675736961463855e-05
220936,True,44100,1,3,338688,7.68,7.68,0.0
220935,True,44100,1,3,2142378,48.58,48.58,0.0
220931,True,44100,1,3,1577898,35.78,35.78,0.0
220939,True,44100,1,3,1352106,30.66,30.66,0.0
221025,True,44100,1,3,225792,5.12,5.12,0.0
221024,True,44100,1,3,112896,2.56,2.56,0.0
221026,True,44100,1,3,112895,2.5599773242630386,2.56,2.2675736961463855e-05
221036,True,44100,1,3,223146,5.06,5.06,0.0
221034,True,44100,1,3,677376,15.36,15.36,0.0
221035,True,44100,1,3,451583,10.23997732426304,10.24,2.2675736961019766e-05
221030,True,44100,1,3,336041,7.619977324263038,7.62,2.2675736961907944e-05
221029,True,44100,1,3,112895,2.5599773242630386,2.56,2.2675736961463855e-05
221028,True,44100,1,3,451584,10.24,10.24,0.0
221038,True,44100,1,3,223146,5.06,5.06,0.0
221037,True,44100,1,3,1467648,33.28,33.28,0.0
221041,True,44100,1,3,903168,20.48,20.48,0.0
221042,True,44100,1,3,110250,2.5,2.5,0.0
221027,True,44100,1,3,1693440,38.4,38.4,0.0
221040,True,44100,1,3,451583,10.23997732426304,10.24,2.2675736961019766e-05
221039,True,44100,1,3,225792,5.12,5.12,0.0
221022,True,44100,1,3,338688,7.68,7.68,0.0
221023,True,44100,1,3,1128960,25.6,25.6,0.0
221032,True,44100,1,3,225792,5.12,5.12,0.0
221031,True,44100,1,3,112896,2.56,2.56,0.0
221050,True,44100,1,3,451583,10.23997732426304,10.24,2.2675736961019766e-05
221051,True,44100,1,3,561834,12.74,12.74,0.0
221049,True,44100,1,3,225791,5.119977324263038,5.12,2.2675736961907944e-05
221021,True,44100,1,3,223146,5.06,5.06,0.0
221020,True,44100,1,3,451583,10.23997732426304,10.24,2.2675736961019766e-05
221019,True,44100,1,3,225791,5.119977324263038,5.12,2.2675736961907944e-05
221059,True,44100,1,3,1465002,33.22,33.22,0.0
221018,True,44100,1,3,223146,5.06,5.06,0.0
221017,True,44100,1,3,225791,5.119977324263038,5.12,2.2675736961907944e-05
221016,True,44100,1,3,225792,5.12,5.12,0.0
221058,True,44100,1,3,1239210,28.1,28.1,0.0
221052,True,44100,1,3,1016064,23.04,23.04,0.0
221057,True,44100,1,3,1352106,30.66,30.66,0.0
221056,True,44100,1,3,112896,2.56,2.56,0.0
221033,True,44100,1,3,2255274,51.14,51.14,0.0
221013,True,44100,1,3,112896,2.56,2.56,0.0
221014,True,44100,1,3,1465002,33.22,33.22,0.0
221053,True,44100,1,3,112895,2.5599773242630386,2.56,2.2675736961463855e-05
221054,True,44100,1,3,1354752,30.72,30.72,0.0
221055,True,44100,1,3,336041,7.619977324263038,7.62,2.2675736961907944e-05
221047,True,44100,1,3,451583,10.23997732426304,10.24,2.2675736961019766e-05
221048,True,44100,1,3,451583,10.23997732426304,10.24,2.2675736961019766e-05
221011,True,44100,1,3,677376,15.36,15.36,0.0
221012,True,44100,1,3,225792,5.12,5.12,0.0
221015,True,44100,1,3,1239210,28.1,28.1,0.0
221044,True,44100,1,3,225792,5.12,5.12,0.0
221045,True,44100,1,3,225792,5.12,5.12,0.0
221043,True,44100,1,3,677376,15.36,15.36,0.0
221046,True,44100,1,3,336042,7.62,7.62,0.0
221060,True,44100,1,3,225792,5.12,5.12,0.0
221061,True,44100,1,3,110250,2.5,2.5,0.0
221062,True,44100,1,3,451584,10.24,10.24,0.0
221063,True,44100,1,3,1465002,33.22,33.22,0.0
220888,True,44100,1,3,112895,2.5599773242630386,2.56,2.2675736961463855e-05
220907,True,44100,1,3,223146,5.06,5.06,0.0
220906,True,44100,1,3,112896,2.56,2.56,0.0
220905,True,44100,1,3,225792,5.12,5.12,0.0
220904,True,44100,1,3,112896,2.56,2.56,0.0
220901,True,44100,1,3,112895,2.5599773242630386,2.56,2.2675736961463855e-05
220900,True,44100,1,3,451584,10.24,10.24,0.0
220899,True,44100,1,3,451584,10.24,10.24,0.0
220909,True,44100,1,3,112896,2.56,2.56,0.0
220911,True,44100,1,3,225792,5.12,5.12,0.0
220910,True,44100,1,3,112896,2.56,2.56,0.0
220908,True,44100,1,3,338688,7.68,7.68,0.0
220917,True,44100,1,3,225792,5.12,5.12,0.0
220918,True,44100,1,3,112895,2.5599773242630386,2.56,2.2675736961463855e-05
220919,True,44100,1,3,112896,2.56,2.56,0.0
220891,True,44100,1,3,564480,12.8,12.8,0.0
220892,True,44100,1,3,338688,7.68,7.68,0.0
220893,True,44100,1,3,225792,5.12,5.12,0.0
220897,True,44100,1,3,790272,17.92,17.92,0.0
220896,True,44100,1,3,1128960,25.6,25.6,0.0
220922,True,44100,1,3,338688,7.68,7.68,0.0
220903,True,44100,1,3,451584,10.24,10.24,0.0
220902,True,44100,1,3,677376,15.36,15.36,0.0
220895,True,44100,1,3,787626,17.86,17.86,0.0
220894,True,44100,1,3,338688,7.68,7.68,0.0
220890,True,44100,1,3,903168,20.48,20.48,0.0
220916,True,44100,1,3,112896,2.56,2.56,0.0
220915,True,44100,1,3,112895,2.5599773242630386,2.56,2.2675736961463855e-05
220887,True,44100,1,3,112895,2.5599773242630386,2.56,2.2675736961463855e-05
220990,True,44100,1,3,112896,2.56,2.56,0.0
220989,True,44100,1,3,112895,2.5599773242630386,2.56,2.2675736961463855e-05
220988,True,44100,1,3,451583,10.23997732426304,10.24,2.2675736961019766e-05
220977,True,44100,1,3,112896,2.56,2.56,0.0
220999,True,44100,1,3,112896,2.56,2.56,0.0
220980,True,44100,1,3,112896,2.56,2.56,0.0
220981,True,44100,1,3,112895,2.5599773242630386,2.56,2.2675736961463855e-05
220972,True,44100,1,3,112895,2.5599773242630386,2.56,2.2675736961463855e-05
220985,True,44100,1,3,225792,5.12,5.12,0.0
220978,True,44100,1,3,564480,12.8,12.8,0.0
220997,True,44100,1,3,112895,2.5599773242630386,2.56,2.2675736961463855e-05
220984,True,44100,1,3,225792,5.12,5.12,0.0
220979,True,44100,1,3,1126314,25.54,25.54,0.0
220976,True,44100,1,3,112896,2.56,2.56,0.0
220995,True,44100,1,3,338688,7.68,7.68,0.0
220996,True,44100,1,3,1126314,25.54,25.54,0.0
220994,True,44100,1,3,225792,5.12,5.12,0.0
221002,True,44100,1,3,112896,2.56,2.56,0.0
221001,True,44100,1,3,112896,2.56,2.56,0.0
221003,True,44100,1,3,225792,5.12,5.12,0.0
221007,True,44100,1,3,223146,5.06,5.06,0.0
221004,True,44100,1,3,225792,5.12,5.12,0.0
221005,True,44100,1,3,677376,15.36,15.36,0.0
221006,True,44100,1,3,112895,2.5599773242630386,2.56,2.2675736961463855e-05
220998,True,44100,1,3,1241856,28.16,28.16,0.0
220992,True,44100,1,3,112896,2.56,2.56,0.0
220991,True,44100,1,3,677376,15.36,15.36,0.0
220993,True,44100,1,3,110250,2.5,2.5,0.0
221000,True,44100,1,3,112895,2.5599773242630386,2.56,2.2675736961463855e-05
220982,True,44100,1,3,564480,12.8,12.8,0.0
220983,True,44100,1,3,564480,12.8,12.8,0.0
220061,True,44100,1,3,903168,20.48,20.48,0.0
220062,True,44100,1,3,225792,5.12,5.12,0.0
220067,True,44100,1,3,2368170,53.7,53.7,0.0
220055,True,44100,1,3,1577898,35.78,35.78,0.0
220044,True,44100,1,3,2706858,61.38,61.38,0.0
220058,True,44100,1,3,1241856,28.16,28.16,0.0
220059,True,44100,1,3,561833,12.73997732426304,12.74,2.2675736961019766e-05
220066,True,44100,1,3,1690794,38.34,38.34,0.0
220041,True,44100,1,3,790271,17.919977324263037,17.92,2.267573696457248e-05
220042,True,44100,1,3,225791,5.119977324263038,5.12,2.2675736961907944e-05
220043,True,44100,1,3,677376,15.36,15.36,0.0
220054,True,44100,1,3,1916586,43.46,43.46,0.0
220070,True,44100,1,3,1916586,43.46,43.46,0.0
220060,True,44100,1,3,1577898,35.78,35.78,0.0
220057,True,44100,1,3,2142378,48.58,48.58,0.0
220074,True,44100,1,3,1465002,33.22,33.22,0.0
220051,True,44100,1,3,900521,20.419977324263037,20.42,2.267573696457248e-05
220045,True,44100,1,3,2255274,51.14,51.14,0.0
220063,True,44100,1,3,2255274,51.14,51.14,0.0
220069,True,44100,1,3,1803690,40.9,40.9,0.0
220049,True,44100,1,3,1239210,28.1,28.1,0.0
220068,True,44100,1,3,1352106,30.66,30.66,0.0
220056,True,44100,1,3,1803690,40.9,40.9,0.0
220072,True,44100,1,3,338688,7.68,7.68,0.0
220073,True,44100,1,3,336041,7.619977324263038,7.62,2.2675736961907944e-05
220071,True,44100,1,3,790271,17.919977324263037,17.92,2.267573696457248e-05
220046,True,44100,1,3,112895,2.5599773242630386,2.56,2.2675736961463855e-05
220047,True,44100,1,3,225791,5.119977324263038,5.12,2.2675736961907944e-05
220048,True,44100,1,3,790272,17.92,17.92,0.0
220053,True,44100,1,3,1128960,25.6,25.6,0.0
220050,True,44100,1,3,1803690,40.9,40.9,0.0
220065,True,44100,1,3,2255274,51.14,51.14,0.0
220040,True,44100,1,3,1803690,40.9,40.9,0.0
220064,True,44100,1,3,1577898,35.78,35.78,0.0
220108,True,44100,1,3,1803690,40.9,40.9,0.0
220099,True,44100,1,3,1580544,35.84,35.84,0.0
220105,True,44100,1,3,787626,17.86,17.86,0.0
220104,True,44100,1,3,112896,2.56,2.56,0.0
220103,True,44100,1,3,112895,2.5599773242630386,2.56,2.2675736961463855e-05
220080,True,44100,1,3,564480,12.8,12.8,0.0
220079,True,44100,1,3,790271,17.919977324263037,17.92,2.267573696457248e-05
220115,True,44100,1,3,1465002,33.22,33.22,0.0
220098,True,44100,1,3,1693440,38.4,38.4,0.0
220088,True,44100,1,3,225791,5.119977324263038,5.12,2.2675736961907944e-05
220087,True,44100,1,3,677376,15.36,15.36,0.0
220086,True,44100,1,3,564480,12.8,12.8,0.0
220077,True,44100,1,3,1803690,40.9,40.9,0.0
220083,True,44100,1,3,448938,10.18,10.18,0.0
220082,True,44100,1,3,677376,15.36,15.36,0.0
220111,True,44100,1,3,1126314,25.54,25.54,0.0
220094,True,44100,1,3,564480,12.8,12.8,0.0
220095,True,44100,1,3,225792,5.12,5.12,0.0
220075,True,44100,1,3,1013418,22.98,22.98,0.0
220100,True,44100,1,3,112896,2.56,2.56,0.0
220101,True,44100,1,3,451583,10.23997732426304,10.24,2.2675736961019766e-05
220102,True,44100,1,3,225792,5.12,5.12,0.0
220114,True,44100,1,3,677376,15.36,15.36,0.0
220081,True,44100,1,3,225792,5.12,5.12,0.0
220112,True,44100,1,3,677376,15.36,15.36,0.0
220113,True,44100,1,3,112895,2.5599773242630386,2.56,2.2675736961463855e-05
220097,True,44100,1,3,1016064,23.04,23.04,0.0
220096,True,44100,1,3,677376,15.36,15.36,0.0
220109,True,44100,1,3,338688,7.68,7.68,0.0
220110,True,44100,1,3,225791,5.119977324263038,5.12,2.2675736961907944e-05
220078,True,44100,1,3,1580543,35.83997732426304,35.84,2.267573696457248e-05
220076,True,44100,1,3,225791,5.119977324263038,5.12,2.2675736961907944e-05
220092,True,44100,1,3,112895,2.5599773242630386,2.56,2.2675736961463855e-05
220093,True,44100,1,3,790272,17.92,17.92,0.0
220089,True,44100,1,3,112895,2.5599773242630386,2.56,2.2675736961463855e-05
220085,True,44100,1,3,225792,5.12,5.12,0.0
220084,True,44100,1,3,1241856,28.16,28.16,0.0
220197,True,44100,1,3,561833,12.73997732426304,12.74,2.2675736961019766e-05
220196,True,44100,1,3,903168,20.48,20.48,0.0
220134,True,44100,1,3,1577898,35.78,35.78,0.0
220191,True,44100,1,3,1126314,25.54,25.54,0.0
220158,True,44100,1,3,112895,2.5599773242630386,2.56,2.2675736961463855e-05
220159,True,44100,1,3,112896,2.56,2.56,0.0
220157,True,44100,1,3,790271,17.919977324263037,17.92,2.267573696457248e-05
220143,True,44100,1,3,564480,12.8,12.8,0.0
220142,True,44100,1,3,225792,5.12,5.12,0.0
220138,True,44100,1,3,1013418,22.98,22.98,0.0
220170,True,44100,1,3,1465002,33.22,33.22,0.0
220155,True,44100,1,3,1690794,38.34,38.34,0.0
220175,True,44100,1,3,1013418,22.98,22.98,0.0
220174,True,44100,1,3,225792,5.12,5.12,0.0
220186,True,44100,1,3,1690794,38.34,38.34,0.0
220181,True,44100,1,3,1916586,43.46,43.46,0.0
220162,True,44100,1,3,674730,15.3,15.3,0.0
220161,True,44100,1,3,564480,12.8,12.8,0.0
220160,True,44100,1,3,338688,7.68,7.68,0.0
220192,True,44100,1,3,1239210,28.1,28.1,0.0
220193,True,44100,1,3,1465002,33.22,33.22,0.0
220163,True,44100,1,3,1690794,38.34,38.34,0.0
220127,True,44100,1,3,1352106,30.66,30.66,0.0
220171,True,44100,1,3,2255274,51.14,51.14,0.0
220140,True,44100,1,3,1013417,22.97997732426304,22.98,2.2675736961019766e-05
220122,True,44100,1,3,225791,5.119977324263038,5.12,2.2675736961907944e-05
220121,True,44100,1,3,338688,7.68,7.68,0.0
220139,True,44100,1,3,451583,10.23997732426304,10.24,2.2675736961019766e-05
220176,True,44100,1,3,112896,2.56,2.56,0.0
220177,True,44100,1,3,1580544,35.84,35.84,0.0
220144,True,44100,1,3,790271,17.919977324263037,17.92,2.267573696457248e-05
220183,True,44100,1,3,677376,15.36,15.36,0.0
220184,True,44100,1,3,564479,12.799977324263038,12.8,2.2675736962796122e-05
220185,True,44100,1,3,1352106,30.66,30.66,0.0
220166,True,44100,1,3,112895,2.5599773242630386,2.56,2.2675736961463855e-05
220165,True,44100,1,3,790271,17.919977324263037,17.92,2.267573696457248e-05
220167,True,44100,1,3,561834,12.74,12.74,0.0
220124,True,44100,1,3,1690794,38.34,38.34,0.0
220145,True,44100,1,3,677376,15.36,15.36,0.0
220146,True,44100,1,3,677376,15.36,15.36,0.0
220129,True,44100,1,3,677376,15.36,15.36,0.0
220128,True,44100,1,3,225792,5.12,5.12,0.0
220182,True,44100,1,3,1465002,33.22,33.22,0.0
220199,True,44100,1,3,1126314,25.54,25.54,0.0
220173,True,44100,1,3,223146,5.06,5.06,0.0
220172,True,44100,1,3,1016064,23.04,23.04,0.0
220180,True,44100,1,3,677376,15.36,15.36,0.0
220178,True,44100,1,3,112896,2.56,2.56,0.0
220179,True,44100,1,3,451584,10.24,10.24,0.0
220116,True,44100,1,3,1465002,33.22,33.22,0.0
220125,True,44100,1,3,564480,12.8,12.8,0.0
220126,True,44100,1,3,225791,5.119977324263038,5.12,2.2675736961907944e-05
220123,True,44100,1,3,451583,10.23997732426304,10.24,2.2675736961019766e-05
220141,True,44100,1,3,112896,2.56,2.56,0.0
220152,True,44100,1,3,225792,5.12,5.12,0.0
220153,True,44100,1,3,677376,15.36,15.36,0.0
220154,True,44100,1,3,225791,5.119977324263038,5.12,2.2675736961907944e-05
220156,True,44100,1,3,1577898,35.78,35.78,0.0
220198,True,44100,1,3,1016064,23.04,23.04,0.0
220130,True,44100,1,3,790271,17.919977324263037,17.92,2.267573696457248e-05
220131,True,44100,1,3,1354752,30.72,30.72,0.0
220194,True,44100,1,3,451584,10.24,10.24,0.0
220195,True,44100,1,3,225792,5.12,5.12,0.0
220117,True,44100,1,3,1126314,25.54,25.54,0.0
220132,True,44100,1,3,1239210,28.1,28.1,0.0
220118,True,44100,1,3,564480,12.8,12.8,0.0
220200,True,44100,1,3,677376,15.36,15.36,0.0
220203,True,44100,1,3,225791,5.119977324263038,5.12,2.2675736961907944e-05
220227,True,44100,1,3,674729,15.299977324263038,15.3,2.2675736962796122e-05
220226,True,44100,1,3,790272,17.92,17.92,0.0
220220,True,44100,1,3,338688,7.68,7.68,0.0
220221,True,44100,1,3,1128960,25.6,25.6,0.0
220222,True,44100,1,3,112896,2.56,2.56,0.0
220213,True,44100,1,3,112896,2.56,2.56,0.0
220212,True,44100,1,3,112896,2.56,2.56,0.0
220210,True,44100,1,3,338688,7.68,7.68,0.0
220209,True,44100,1,3,900522,20.42,20.42,0.0
220208,True,44100,1,3,1354752,30.72,30.72,0.0
220224,True,44100,1,3,112895,2.5599773242630386,2.56,2.2675736961463855e-05
220214,True,44100,1,3,225792,5.12,5.12,0.0
220215,True,44100,1,3,112895,2.5599773242630386,2.56,2.2675736961463855e-05
220223,True,44100,1,3,225791,5.119977324263038,5.12,2.2675736961907944e-05
220225,True,44100,1,3,225792,5.12,5.12,0.0
220211,True,44100,1,3,564479,12.799977324263038,12.8,2.2675736962796122e-05
220219,True,44100,1,3,225792,5.12,5.12,0.0
220204,True,44100,1,3,225792,5.12,5.12,0.0
220206,True,44100,1,3,338688,7.68,7.68,0.0
220207,True,44100,1,3,903167,20.47997732426304,20.48,2.2675736961019766e-05
220202,True,44100,1,3,336041,7.619977324263038,7.62,2.2675736961907944e-05
220201,True,44100,1,3,1128960,25.6,25.6,0.0
220216,True,44100,1,3,1128960,25.6,25.6,0.0
220218,True,44100,1,3,451584,10.24,10.24,0.0
220217,True,44100,1,3,225791,5.119977324263038,5.12,2.2675736961907944e-05
220261,True,44100,1,3,677376,15.36,15.36,0.0
220238,True,44100,1,3,225791,5.119977324263038,5.12,2.2675736961907944e-05
220237,True,44100,1,3,112895,2.5599773242630386,2.56,2.2675736961463855e-05
220236,True,44100,1,3,790272,17.92,17.92,0.0
220265,True,44100,1,3,1465002,33.22,33.22,0.0
220248,True,44100,1,3,338688,7.68,7.68,0.0
220249,True,44100,1,3,112896,2.56,2.56,0.0
220251,True,44100,1,3,110250,2.5,2.5,0.0
220250,True,44100,1,3,1241856,28.16,28.16,0.0
220231,True,44100,1,3,1577898,35.78,35.78,0.0
220259,True,44100,1,3,1352106,30.66,30.66,0.0
220258,True,44100,1,3,225792,5.12,5.12,0.0
220257,True,44100,1,3,1467648,33.28,33.28,0.0
220232,True,44100,1,3,1013418,22.98,22.98,0.0
220262,True,44100,1,3,112896,2.56,2.56,0.0
220264,True,44100,1,3,225792,5.12,5.12,0.0
220263,True,44100,1,3,338688,7.68,7.68,0.0
220275,True,44100,1,3,1467648,33.28,33.28,0.0
220269,True,44100,1,3,1016064,23.04,23.04,0.0
220256,True,44100,1,3,223146,5.06,5.06,0.0
220255,True,44100,1,3,451583,10.23997732426304,10.24,2.2675736961019766e-05
220254,True,44100,1,3,225792,5.12,5.12,0.0
220253,True,44100,1,3,225792,5.12,5.12,0.0
220260,True,44100,1,3,790271,17.919977324263037,17.92,2.267573696457248e-05
220272,True,44100,1,3,112896,2.56,2.56,0.0
220271,True,44100,1,3,225792,5.12,5.12,0.0
220273,True,44100,1,3,561833,12.73997732426304,12.74,2.2675736961019766e-05
220233,True,44100,1,3,112896,2.56,2.56,0.0
220234,True,44100,1,3,903168,20.48,20.48,0.0
220235,True,44100,1,3,223145,5.059977324263039,5.06,2.2675736961019766e-05
220274,True,44100,1,3,112896,2.56,2.56,0.0
220270,True,44100,1,3,677376,15.36,15.36,0.0
220240,True,44100,1,3,225792,5.12,5.12,0.0
220239,True,44100,1,3,451583,10.23997732426304,10.24,2.2675736961019766e-05
220246,True,44100,1,3,110250,2.5,2.5,0.0
220245,True,44100,1,3,451583,10.23997732426304,10.24,2.2675736961019766e-05
220244,True,44100,1,3,225792,5.12,5.12,0.0
220252,True,44100,1,3,903168,20.48,20.48,0.0
220242,True,44100,1,3,112896,2.56,2.56,0.0
220243,True,44100,1,3,338688,7.68,7.68,0.0
220241,True,44100,1,3,338688,7.68,7.68,0.0
220230,True,44100,1,3,110250,2.5,2.5,0.0
220229,True,44100,1,3,225791,5.119977324263038,5.12,2.2675736961907944e-05
220228,True,44100,1,3,225791,5.119977324263038,5.12,2.2675736961907944e-05
220289,True,44100,1,3,338688,7.68,7.68,0.0
220280,True,44100,1,3,338688,7.68,7.68,0.0
220290,True,44100,1,3,677376,15.36,15.36,0.0
220277,True,44100,1,3,112895,2.5599773242630386,2.56,2.2675736961463855e-05
220276,True,44100,1,3,112895,2.5599773242630386,2.56,2.2675736961463855e-05
220279,True,44100,1,3,225792,5.12,5.12,0.0
220278,True,44100,1,3,112896,2.56,2.56,0.0
220285,True,44100,1,3,225791,5.119977324263038,5.12,2.2675736961907944e-05
220284,True,44100,1,3,677376,15.36,15.36,0.0
220286,True,44100,1,3,225791,5.119977324263038,5.12,2.2675736961907944e-05
220288,True,44100,1,3,112896,2.56,2.56,0.0
220287,True,44100,1,3,112895,2.5599773242630386,2.56,2.2675736961463855e-05
220283,True,44100,1,3,112896,2.56,2.56,0.0
220281,True,44100,1,3,225791,5.119977324263038,5.12,2.2675736961907944e-05
220282,True,44100,1,3,112895,2.5599773242630386,2.56,2.2675736961463855e-05
220342,True,44100,1,3,564479,12.799977324263038,12.8,2.2675736962796122e-05
220341,True,44100,1,3,1128960,25.6,25.6,0.0
220343,True,44100,1,3,336041,7.619977324263038,7.62,2.2675736961907944e-05
220356,True,44100,1,3,1128960,25.6,25.6,0.0
220357,True,44100,1,3,223146,5.06,5.06,0.0
220361,True,44100,1,3,225792,5.12,5.12,0.0
220363,True,44100,1,3,112896,2.56,2.56,0.0
220362,True,44100,1,3,112896,2.56,2.56,0.0
220345,True,44100,1,3,112896,2.56,2.56,0.0
220344,True,44100,1,3,338688,7.68,7.68,0.0
220339,True,44100,1,3,1016064,23.04,23.04,0.0
220340,True,44100,1,3,338688,7.68,7.68,0.0
220338,True,44100,1,3,564479,12.799977324263038,12.8,2.2675736962796122e-05
220337,True,44100,1,3,338688,7.68,7.68,0.0
220351,True,44100,1,3,112895,2.5599773242630386,2.56,2.2675736961463855e-05
220350,True,44100,1,3,225792,5.12,5.12,0.0
220360,True,44100,1,3,1803690,40.9,40.9,0.0
220349,True,44100,1,3,225791,5.119977324263038,5.12,2.2675736961907944e-05
220331,True,44100,1,3,338688,7.68,7.68,0.0
220329,True,44100,1,3,1126314,25.54,25.54,0.0
220328,True,44100,1,3,225792,5.12,5.12,0.0
220327,True,44100,1,3,338688,7.68,7.68,0.0
220335,True,44100,1,3,1128960,25.6,25.6,0.0
220332,True,44100,1,3,225792,5.12,5.12,0.0
220333,True,44100,1,3,112895,2.5599773242630386,2.56,2.2675736961463855e-05
220334,True,44100,1,3,564480,12.8,12.8,0.0
220330,True,44100,1,3,225792,5.12,5.12,0.0
220423,True,44100,1,3,223146,5.06,5.06,0.0
220422,True,44100,1,3,112896,2.56,2.56,0.0
220421,True,44100,1,3,225792,5.12,5.12,0.0
220384,True,44100,1,3,112895,2.5599773242630386,2.56,2.2675736961463855e-05
220374,True,44100,1,3,112896,2.56,2.56,0.0
220373,True,44100,1,3,225792,5.12,5.12,0.0
220419,True,44100,1,3,564479,12.799977324263038,12.8,2.2675736962796122e-05
220418,True,44100,1,3,338688,7.68,7.68,0.0
220417,True,44100,1,3,225792,5.12,5.12,0.0
220420,True,44100,1,3,110250,2.5,2.5,0.0
220424,True,44100,1,3,112895,2.5599773242630386,2.56,2.2675736961463855e-05
220425,True,44100,1,3,112895,2.5599773242630386,2.56,2.2675736961463855e-05
220426,True,44100,1,3,112896,2.56,2.56,0.0
220380,True,44100,1,3,451584,10.24,10.24,0.0
220379,True,44100,1,3,225792,5.12,5.12,0.0
220381,True,44100,1,3,225791,5.119977324263038,5.12,2.2675736961907944e-05
220376,True,44100,1,3,1465002,33.22,33.22,0.0
220375,True,44100,1,3,225792,5.12,5.12,0.0
220495,True,44100,1,3,225792,5.12,5.12,0.0
220494,True,44100,1,3,338688,7.68,7.68,0.0
220497,True,44100,1,3,225792,5.12,5.12,0.0
220496,True,44100,1,3,677376,15.36,15.36,0.0
220459,True,44100,1,3,112896,2.56,2.56,0.0
220483,True,44100,1,3,112896,2.56,2.56,0.0
220484,True,44100,1,3,112896,2.56,2.56,0.0
220432,True,44100,1,3,225791,5.119977324263038,5.12,2.2675736961907944e-05
220431,True,44100,1,3,338688,7.68,7.68,0.0
220443,True,44100,1,3,225791,5.119977324263038,5.12,2.2675736961907944e-05
220442,True,44100,1,3,451583,10.23997732426304,10.24,2.2675736961019766e-05
220478,True,44100,1,3,564480,12.8,12.8,0.0
220477,True,44100,1,3,338688,7.68,7.68,0.0
220476,True,44100,1,3,112896,2.56,2.56,0.0
220470,True,44100,1,3,790272,17.92,17.92,0.0
220469,True,44100,1,3,112895,2.5599773242630386,2.56,2.2675736961463855e-05
220468,True,44100,1,3,112896,2.56,2.56,0.0
220448,True,44100,1,3,225792,5.12,5.12,0.0
220449,True,44100,1,3,112896,2.56,2.56,0.0
220450,True,44100,1,3,225792,5.12,5.12,0.0
220510,True,44100,1,3,112895,2.5599773242630386,2.56,2.2675736961463855e-05
220508,True,44100,1,3,112896,2.56,2.56,0.0
220509,True,44100,1,3,225792,5.12,5.12,0.0
220453,True,44100,1,3,451583,10.23997732426304,10.24,2.2675736961019766e-05
220471,True,44100,1,3,1577898,35.78,35.78,0.0
220481,True,44100,1,3,787626,17.86,17.86,0.0
220480,True,44100,1,3,677376,15.36,15.36,0.0
220491,True,44100,1,3,112895,2.5599773242630386,2.56,2.2675736961463855e-05
220492,True,44100,1,3,677376,15.36,15.36,0.0
220499,True,44100,1,3,674730,15.3,15.3,0.0
220465,True,44100,1,3,1352106,30.66,30.66,0.0
220490,True,44100,1,3,903168,20.48,20.48,0.0
220475,True,44100,1,3,1128960,25.6,25.6,0.0
220438,True,44100,1,3,225791,5.119977324263038,5.12,2.2675736961907944e-05
220437,True,44100,1,3,112895,2.5599773242630386,2.56,2.2675736961463855e-05
220435,True,44100,1,3,112895,2.5599773242630386,2.56,2.2675736961463855e-05
220436,True,44100,1,3,564480,12.8,12.8,0.0
220455,True,44100,1,3,787626,17.86,17.86,0.0
220454,True,44100,1,3,225792,5.12,5.12,0.0
220456,True,44100,1,3,1126314,25.54,25.54,0.0
220489,True,44100,1,3,1239210,28.1,28.1,0.0
220507,True,44100,1,3,112895,2.5599773242630386,2.56,2.2675736961463855e-05
220506,True,44100,1,3,338688,7.68,7.68,0.0
220493,True,44100,1,3,1013418,22.98,22.98,0.0
220458,True,44100,1,3,1126314,25.54,25.54,0.0
220501,True,44100,1,3,112896,2.56,2.56,0.0
220502,True,44100,1,3,1239210,28.1,28.1,0.0
220457,True,44100,1,3,1239210,28.1,28.1,0.0
220487,True,44100,1,3,1354752,30.72,30.72,0.0
220486,True,44100,1,3,112895,2.5599773242630386,2.56,2.2675736961463855e-05
220505,True,44100,1,3,677376,15.36,15.36,0.0
220504,True,44100,1,3,225792,5.12,5.12,0.0
220485,True,44100,1,3,1239210,28.1,28.1,0.0
221069,True,44100,1,3,677376,15.36,15.36,0.0
221068,True,44100,1,3,564480,12.8,12.8,0.0
221073,True,44100,1,3,112895,2.5599773242630386,2.56,2.2675736961463855e-05
221092,True,44100,1,3,900522,20.42,20.42,0.0
221091,True,44100,1,3,677376,15.36,15.36,0.0
221079,True,44100,1,3,564479,12.799977324263038,12.8,2.2675736962796122e-05
221080,True,44100,1,3,336041,7.619977324263038,7.62,2.2675736961907944e-05
221078,True,44100,1,3,564480,12.8,12.8,0.0
221077,True,44100,1,3,338688,7.68,7.68,0.0
221071,True,44100,1,3,451583,10.23997732426304,10.24,2.2675736961019766e-05
221094,True,44100,1,3,338688,7.68,7.68,0.0
221081,True,44100,1,3,225792,5.12,5.12,0.0
221082,True,44100,1,3,225792,5.12,5.12,0.0
221083,True,44100,1,3,451583,10.23997732426304,10.24,2.2675736961019766e-05
221084,True,44100,1,3,112896,2.56,2.56,0.0
221086,True,44100,1,3,787626,17.86,17.86,0.0
221085,True,44100,1,3,338688,7.68,7.68,0.0
221072,True,44100,1,3,1919232,43.52,43.52,0.0
221065,True,44100,1,3,338688,7.68,7.68,0.0
221064,True,44100,1,3,677376,15.36,15.36,0.0
221066,True,44100,1,3,225791,5.119977324263038,5.12,2.2675736961907944e-05
221067,True,44100,1,3,112896,2.56,2.56,0.0
221088,True,44100,1,3,112896,2.56,2.56,0.0
221089,True,44100,1,3,110250,2.5,2.5,0.0
221087,True,44100,1,3,338688,7.68,7.68,0.0
221306,True,44100,1,3,225792,5.12,5.12,0.0
221305,True,44100,1,3,451583,10.23997732426304,10.24,2.2675736961019766e-05
221272,True,44100,1,3,1128960,25.6,25.6,0.0
221274,True,44100,1,3,1690794,38.34,38.34,0.0
221275,True,44100,1,3,790271,17.919977324263037,17.92,2.267573696457248e-05
221270,True,44100,1,3,112896,2.56,2.56,0.0
221269,True,44100,1,3,112895,2.5599773242630386,2.56,2.2675736961463855e-05
221271,True,44100,1,3,112896,2.56,2.56,0.0
221279,True,44100,1,3,225792,5.12,5.12,0.0
221283,True,44100,1,3,561833,12.73997732426304,12.74,2.2675736961019766e-05
221282,True,44100,1,3,112896,2.56,2.56,0.0
221303,True,44100,1,3,112896,2.56,2.56,0.0
221302,True,44100,1,3,112895,2.5599773242630386,2.56,2.2675736961463855e-05
221290,True,44100,1,3,225792,5.12,5.12,0.0
221291,True,44100,1,3,112896,2.56,2.56,0.0
221262,True,44100,1,3,112896,2.56,2.56,0.0
221261,True,44100,1,3,225792,5.12,5.12,0.0
221218,True,44100,1,3,223146,5.06,5.06,0.0
221217,True,44100,1,3,1241856,28.16,28.16,0.0
221233,True,44100,1,3,112896,2.56,2.56,0.0
221225,True,44100,1,3,564480,12.8,12.8,0.0
221224,True,44100,1,3,112896,2.56,2.56,0.0
221226,True,44100,1,3,112896,2.56,2.56,0.0
221241,True,44100,1,3,564480,12.8,12.8,0.0
221240,True,44100,1,3,112896,2.56,2.56,0.0
221257,True,44100,1,3,112895,2.5599773242630386,2.56,2.2675736961463855e-05
221256,True,44100,1,3,112896,2.56,2.56,0.0
221258,True,44100,1,3,900521,20.419977324263037,20.42,2.267573696457248e-05
221227,True,44100,1,3,2593962,58.82,58.82,0.0
221231,True,44100,1,3,1577898,35.78,35.78,0.0
221249,True,44100,1,3,674729,15.299977324263038,15.3,2.2675736962796122e-05
221244,True,44100,1,3,1126314,25.54,25.54,0.0
221243,True,44100,1,3,225792,5.12,5.12,0.0
221219,True,44100,1,3,1239210,28.1,28.1,0.0
221234,True,44100,1,3,1239210,28.1,28.1,0.0
221239,True,44100,1,3,1577898,35.78,35.78,0.0
221255,True,44100,1,3,112896,2.56,2.56,0.0
221254,True,44100,1,3,112896,2.56,2.56,0.0
221253,True,44100,1,3,225792,5.12,5.12,0.0
221242,True,44100,1,3,110250,2.5,2.5,0.0
221223,True,44100,1,3,112896,2.56,2.56,0.0
221222,True,44100,1,3,112895,2.5599773242630386,2.56,2.2675736961463855e-05
221245,True,44100,1,3,790271,17.919977324263037,17.92,2.267573696457248e-05
221246,True,44100,1,3,564479,12.799977324263038,12.8,2.2675736962796122e-05
221248,True,44100,1,3,112895,2.5599773242630386,2.56,2.2675736961463855e-05
221260,True,44100,1,3,338688,7.68,7.68,0.0
221251,True,44100,1,3,564480,12.8,12.8,0.0
221250,True,44100,1,3,677376,15.36,15.36,0.0
221247,True,44100,1,3,225792,5.12,5.12,0.0
221220,True,44100,1,3,112895,2.5599773242630386,2.56,2.2675736961463855e-05
221221,True,44100,1,3,112896,2.56,2.56,0.0
221228,True,44100,1,3,338688,7.68,7.68,0.0
221232,True,44100,1,3,1241856,28.16,28.16,0.0
221238,True,44100,1,3,338688,7.68,7.68,0.0
221235,True,44100,1,3,112896,2.56,2.56,0.0
221236,True,44100,1,3,112896,2.56,2.56,0.0
221237,True,44100,1,3,112895,2.5599773242630386,2.56,2.2675736961463855e-05
221330,True,44100,1,3,223146,5.06,5.06,0.0
221329,True,44100,1,3,1580544,35.84,35.84,0.0
221319,True,44100,1,3,1803690,40.9,40.9,0.0
221337,True,44100,1,3,787626,17.86,17.86,0.0
221340,True,44100,1,3,561833,12.73997732426304,12.74,2.2675736961019766e-05
221339,True,44100,1,3,1241856,28.16,28.16,0.0
221309,True,44100,1,3,1352106,30.66,30.66,0.0
221321,True,44100,1,3,564479,12.799977324263038,12.8,2.2675736962796122e-05
221320,True,44100,1,3,225792,5.12,5.12,0.0
221322,True,44100,1,3,225791,5.119977324263038,5.12,2.2675736961907944e-05
221341,True,44100,1,3,564480,12.8,12.8,0.0
221342,True,44100,1,3,903168,20.48,20.48,0.0
221343,True,44100,1,3,112896,2.56,2.56,0.0
221359,True,44100,1,3,1352106,30.66,30.66,0.0
221350,True,44100,1,3,225792,5.12,5.12,0.0
221351,True,44100,1,3,787626,17.86,17.86,0.0
221349,True,44100,1,3,112896,2.56,2.56,0.0
221318,True,44100,1,3,1016064,23.04,23.04,0.0
221313,True,44100,1,3,1577898,35.78,35.78,0.0
221361,True,44100,1,3,1465002,33.22,33.22,0.0
221311,True,44100,1,3,900521,20.419977324263037,20.42,2.267573696457248e-05
221310,True,44100,1,3,903168,20.48,20.48,0.0
221348,True,44100,1,3,1690794,38.34,38.34,0.0
221327,True,44100,1,3,338688,7.68,7.68,0.0
221328,True,44100,1,3,1690794,38.34,38.34,0.0
221375,True,44100,1,3,1465002,33.22,33.22,0.0
221370,True,44100,1,3,900522,20.42,20.42,0.0
221369,True,44100,1,3,338688,7.68,7.68,0.0
221356,True,44100,1,3,1690794,38.34,38.34,0.0
221357,True,44100,1,3,1126314,25.54,25.54,0.0
221316,True,44100,1,3,448938,10.18,10.18,0.0
221315,True,44100,1,3,790271,17.919977324263037,17.92,2.267573696457248e-05
221345,True,44100,1,3,1128960,25.6,25.6,0.0
221374,True,44100,1,3,900522,20.42,20.42,0.0
221373,True,44100,1,3,225792,5.12,5.12,0.0
221325,True,44100,1,3,1465002,33.22,33.22,0.0
221324,True,44100,1,3,338688,7.68,7.68,0.0
221358,True,44100,1,3,3271337,74.17997732426304,74.18,2.2675736971677907e-05
221314,True,44100,1,3,1239210,28.1,28.1,0.0
221352,True,44100,1,3,451584,10.24,10.24,0.0
221354,True,44100,1,3,677376,15.36,15.36,0.0
221353,True,44100,1,3,338688,7.68,7.68,0.0
221355,True,44100,1,3,112896,2.56,2.56,0.0
221365,True,44100,1,3,338688,7.68,7.68,0.0
221366,True,44100,1,3,112896,2.56,2.56,0.0
221364,True,44100,1,3,112896,2.56,2.56,0.0
221367,True,44100,1,3,225792,5.12,5.12,0.0
221368,True,44100,1,3,223145,5.059977324263039,5.06,2.2675736961019766e-05
221317,True,44100,1,3,1577898,35.78,35.78,0.0
221323,True,44100,1,3,1013417,22.97997732426304,22.98,2.2675736961019766e-05
221362,True,44100,1,3,903168,20.48,20.48,0.0
221363,True,44100,1,3,448938,10.18,10.18,0.0
221332,True,44100,1,3,674730,15.3,15.3,0.0
221331,True,44100,1,3,903168,20.48,20.48,0.0
221347,True,44100,1,3,674730,15.3,15.3,0.0
221346,True,44100,1,3,790272,17.92,17.92,0.0
221338,True,44100,1,3,1239210,28.1,28.1,0.0
221458,True,44100,1,3,225792,5.12,5.12,0.0
221474,True,44100,1,3,677376,15.36,15.36,0.0
221470,True,44100,1,3,338688,7.68,7.68,0.0
221472,True,44100,1,3,225792,5.12,5.12,0.0
221471,True,44100,1,3,225792,5.12,5.12,0.0
221479,True,44100,1,3,1803690,40.9,40.9,0.0
221476,True,44100,1,3,225792,5.12,5.12,0.0
221475,True,44100,1,3,677376,15.36,15.36,0.0
221461,True,44100,1,3,1352106,30.66,30.66,0.0
221487,True,44100,1,3,1467648,33.28,33.28,0.0
221469,True,44100,1,3,110250,2.5,2.5,0.0
221468,True,44100,1,3,225792,5.12,5.12,0.0
221478,True,44100,1,3,903168,20.48,20.48,0.0
221477,True,44100,1,3,1016064,23.04,23.04,0.0
221473,True,44100,1,3,1354752,30.72,30.72,0.0
221481,True,44100,1,3,1354752,30.72,30.72,0.0
221480,True,44100,1,3,225792,5.12,5.12,0.0
221456,True,44100,1,3,1126314,25.54,25.54,0.0
221482,True,44100,1,3,900522,20.42,20.42,0.0
221457,True,44100,1,3,1239210,28.1,28.1,0.0
221492,True,44100,1,3,1465002,33.22,33.22,0.0
221459,True,44100,1,3,112895,2.5599773242630386,2.56,2.2675736961463855e-05
221460,True,44100,1,3,790272,17.92,17.92,0.0
221483,True,44100,1,3,2029482,46.02,46.02,0.0
221412,True,44100,1,3,112895,2.5599773242630386,2.56,2.2675736961463855e-05
221378,True,44100,1,3,112896,2.56,2.56,0.0
221389,True,44100,1,3,112896,2.56,2.56,0.0
221388,True,44100,1,3,112896,2.56,2.56,0.0
221403,True,44100,1,3,677376,15.36,15.36,0.0
221402,True,44100,1,3,225792,5.12,5.12,0.0
221390,True,44100,1,3,112895,2.5599773242630386,2.56,2.2675736961463855e-05
221396,True,44100,1,3,225791,5.119977324263038,5.12,2.2675736961907944e-05
221395,True,44100,1,3,112895,2.5599773242630386,2.56,2.2675736961463855e-05
221382,True,44100,1,3,1013418,22.98,22.98,0.0
221381,True,44100,1,3,112896,2.56,2.56,0.0
221387,True,44100,1,3,1577898,35.78,35.78,0.0
221376,True,44100,1,3,112895,2.5599773242630386,2.56,2.2675736961463855e-05
221377,True,44100,1,3,448938,10.18,10.18,0.0
221385,True,44100,1,3,1241856,28.16,28.16,0.0
221411,True,44100,1,3,448938,10.18,10.18,0.0
221410,True,44100,1,3,1354752,30.72,30.72,0.0
221404,True,44100,1,3,1577898,35.78,35.78,0.0
221393,True,44100,1,3,112896,2.56,2.56,0.0
221394,True,44100,1,3,110250,2.5,2.5,0.0
221392,True,44100,1,3,225791,5.119977324263038,5.12,2.2675736961907944e-05
221391,True,44100,1,3,451583,10.23997732426304,10.24,2.2675736961019766e-05
221379,True,44100,1,3,2142378,48.58,48.58,0.0
221384,True,44100,1,3,1013417,22.97997732426304,22.98,2.2675736961019766e-05
221383,True,44100,1,3,112895,2.5599773242630386,2.56,2.2675736961463855e-05
221386,True,44100,1,3,451584,10.24,10.24,0.0
221405,True,44100,1,3,338688,7.68,7.68,0.0
221406,True,44100,1,3,338688,7.68,7.68,0.0
221407,True,44100,1,3,110250,2.5,2.5,0.0
221399,True,44100,1,3,677376,15.36,15.36,0.0
221401,True,44100,1,3,561834,12.74,12.74,0.0
221400,True,44100,1,3,112895,2.5599773242630386,2.56,2.2675736961463855e-05
221380,True,44100,1,3,1352106,30.66,30.66,0.0
221408,True,44100,1,3,338688,7.68,7.68,0.0
221409,True,44100,1,3,1465002,33.22,33.22,0.0
221397,True,44100,1,3,112895,2.5599773242630386,2.56,2.2675736961463855e-05
221398,True,44100,1,3,1128960,25.6,25.6,0.0
221433,True,44100,1,3,2255274,51.14,51.14,0.0
221425,True,44100,1,3,2142378,48.58,48.58,0.0
221443,True,44100,1,3,338688,7.68,7.68,0.0
221424,True,44100,1,3,1352106,30.66,30.66,0.0
221422,True,44100,1,3,1919232,43.52,43.52,0.0
221453,True,44100,1,3,1241856,28.16,28.16,0.0
221452,True,44100,1,3,225792,5.12,5.12,0.0
221430,True,44100,1,3,225792,5.12,5.12,0.0
221432,True,44100,1,3,223145,5.059977324263039,5.06,2.2675736961019766e-05
221431,True,44100,1,3,790271,17.919977324263037,17.92,2.267573696457248e-05
221454,True,44100,1,3,1580544,35.84,35.84,0.0
221455,True,44100,1,3,1690794,38.34,38.34,0.0
221429,True,44100,1,3,451583,10.23997732426304,10.24,2.2675736961019766e-05
221428,True,44100,1,3,564480,12.8,12.8,0.0
221448,True,44100,1,3,451583,10.23997732426304,10.24,2.2675736961019766e-05
221449,True,44100,1,3,112895,2.5599773242630386,2.56,2.2675736961463855e-05
221450,True,44100,1,3,564480,12.8,12.8,0.0
221451,True,44100,1,3,225791,5.119977324263038,5.12,2.2675736961907944e-05
221418,True,44100,1,3,451583,10.23997732426304,10.24,2.2675736961019766e-05
221419,True,44100,1,3,564479,12.799977324263038,12.8,2.2675736962796122e-05
221420,True,44100,1,3,448938,10.18,10.18,0.0
221441,True,44100,1,3,564480,12.8,12.8,0.0
221442,True,44100,1,3,225792,5.12,5.12,0.0
221414,True,44100,1,3,451583,10.23997732426304,10.24,2.2675736961019766e-05
221415,True,44100,1,3,561834,12.74,12.74,0.0
221413,True,44100,1,3,338688,7.68,7.68,0.0
221447,True,44100,1,3,448938,10.18,10.18,0.0
221444,True,44100,1,3,677376,15.36,15.36,0.0
221446,True,44100,1,3,112896,2.56,2.56,0.0
221445,True,44100,1,3,338688,7.68,7.68,0.0
221427,True,44100,1,3,451584,10.24,10.24,0.0
221426,True,44100,1,3,225792,5.12,5.12,0.0
221416,True,44100,1,3,112895,2.5599773242630386,2.56,2.2675736961463855e-05
221526,True,44100,1,3,112895,2.5599773242630386,2.56,2.2675736961463855e-05
221528,True,44100,1,3,112896,2.56,2.56,0.0
221527,True,44100,1,3,338688,7.68,7.68,0.0
221509,True,44100,1,3,451584,10.24,10.24,0.0
221508,True,44100,1,3,1128960,25.6,25.6,0.0
221544,True,44100,1,3,112895,2.5599773242630386,2.56,2.2675736961463855e-05
221543,True,44100,1,3,112895,2.5599773242630386,2.56,2.2675736961463855e-05
221545,True,44100,1,3,338688,7.68,7.68,0.0
221505,True,44100,1,3,1690794,38.34,38.34,0.0
221532,True,44100,1,3,787626,17.86,17.86,0.0
221496,True,44100,1,3,1690793,38.33997732426304,38.34,2.267573696457248e-05
221537,True,44100,1,3,1352106,30.66,30.66,0.0
221503,True,44100,1,3,1239210,28.1,28.1,0.0
221523,True,44100,1,3,1467648,33.28,33.28,0.0
221541,True,44100,1,3,112895,2.5599773242630386,2.56,2.2675736961463855e-05
221542,True,44100,1,3,110250,2.5,2.5,0.0
221525,True,44100,1,3,451584,10.24,10.24,0.0
221504,True,44100,1,3,1354752,30.72,30.72,0.0
221516,True,44100,1,3,225792,5.12,5.12,0.0
221517,True,44100,1,3,674730,15.3,15.3,0.0
221540,True,44100,1,3,1128960,25.6,25.6,0.0
221539,True,44100,1,3,790271,17.919977324263037,17.92,2.267573696457248e-05
221494,True,44100,1,3,223145,5.059977324263039,5.06,2.2675736961019766e-05
221519,True,44100,1,3,564480,12.8,12.8,0.0
221533,True,44100,1,3,225791,5.119977324263038,5.12,2.2675736961907944e-05
221534,True,44100,1,3,112895,2.5599773242630386,2.56,2.2675736961463855e-05
221506,True,44100,1,3,112895,2.5599773242630386,2.56,2.2675736961463855e-05
221507,True,44100,1,3,225792,5.12,5.12,0.0
221498,True,44100,1,3,112896,2.56,2.56,0.0
221524,True,44100,1,3,1577898,35.78,35.78,0.0
221531,True,44100,1,3,1577898,35.78,35.78,0.0
221536,True,44100,1,3,2029482,46.02,46.02,0.0
221497,True,44100,1,3,1128960,25.6,25.6,0.0
221549,True,44100,1,3,1126314,25.54,25.54,0.0
221520,True,44100,1,3,1239210,28.1,28.1,0.0
221521,True,44100,1,3,1577898,35.78,35.78,0.0
221529,True,44100,1,3,1803690,40.9,40.9,0.0
221548,True,44100,1,3,1580544,35.84,35.84,0.0
221530,True,44100,1,3,2142378,48.58,48.58,0.0
221499,True,44100,1,3,1352106,30.66,30.66,0.0
221538,True,44100,1,3,1465002,33.22,33.22,0.0
221518,True,44100,1,3,1467648,33.28,33.28,0.0
221513,True,44100,1,3,561834,12.74,12.74,0.0
221512,True,44100,1,3,677376,15.36,15.36,0.0
221547,True,44100,1,3,1577898,35.78,35.78,0.0
221495,True,44100,1,3,1916586,43.46,43.46,0.0
221613,True,44100,1,3,1465002,33.22,33.22,0.0
221614,True,44100,1,3,1577898,35.78,35.78,0.0
221617,True,44100,1,3,338688,7.68,7.68,0.0
221618,True,44100,1,3,1354752,30.72,30.72,0.0
221637,True,44100,1,3,1577898,35.78,35.78,0.0
221584,True,44100,1,3,1690793,38.33997732426304,38.34,2.267573696457248e-05
221583,True,44100,1,3,451583,10.23997732426304,10.24,2.2675736961019766e-05
221606,True,44100,1,3,1690794,38.34,38.34,0.0
221610,True,44100,1,3,110250,2.5,2.5,0.0
221609,True,44100,1,3,903168,20.48,20.48,0.0
221589,True,44100,1,3,1128960,25.6,25.6,0.0
221586,True,44100,1,3,564480,12.8,12.8,0.0
221588,True,44100,1,3,1577898,35.78,35.78,0.0
221633,True,44100,1,3,1126314,25.54,25.54,0.0
221555,True,44100,1,3,451583,10.23997732426304,10.24,2.2675736961019766e-05
221556,True,44100,1,3,448938,10.18,10.18,0.0
221598,True,44100,1,3,674730,15.3,15.3,0.0
221596,True,44100,1,3,112896,2.56,2.56,0.0
221597,True,44100,1,3,903168,20.48,20.48,0.0
221562,True,44100,1,3,1239210,28.1,28.1,0.0
221579,True,44100,1,3,1580544,35.84,35.84,0.0
221590,True,44100,1,3,903168,20.48,20.48,0.0
221591,True,44100,1,3,110250,2.5,2.5,0.0
221560,True,44100,1,3,677376,15.36,15.36,0.0
221561,True,44100,1,3,451584,10.24,10.24,0.0
221564,True,44100,1,3,2029482,46.02,46.02,0.0
221612,True,44100,1,3,451583,10.23997732426304,10.24,2.2675736961019766e-05
221611,True,44100,1,3,451584,10.24,10.24,0.0
221602,True,44100,1,3,451584,10.24,10.24,0.0
221578,True,44100,1,3,448938,10.18,10.18,0.0
221577,True,44100,1,3,338688,7.68,7.68,0.0
221601,True,44100,1,3,1690793,38.33997732426304,38.34,2.267573696457248e-05
221635,True,44100,1,3,225792,5.12,5.12,0.0
221636,True,44100,1,3,451584,10.24,10.24,0.0
221571,True,44100,1,3,338688,7.68,7.68,0.0
221572,True,44100,1,3,903168,20.48,20.48,0.0
221616,True,44100,1,3,223145,5.059977324263039,5.06,2.2675736961019766e-05
221615,True,44100,1,3,338688,7.68,7.68,0.0
221559,True,44100,1,3,223146,5.06,5.06,0.0
221558,True,44100,1,3,225792,5.12,5.12,0.0
221566,True,44100,1,3,338688,7.68,7.68,0.0
221567,True,44100,1,3,451584,10.24,10.24,0.0
221585,True,44100,1,3,1241856,28.16,28.16,0.0
221573,True,44100,1,3,1126314,25.54,25.54,0.0
221626,True,44100,1,3,225792,5.12,5.12,0.0
221627,True,44100,1,3,787626,17.86,17.86,0.0
221625,True,44100,1,3,564480,12.8,12.8,0.0
221580,True,44100,1,3,336042,7.62,7.62,0.0
221568,True,44100,1,3,564480,12.8,12.8,0.0
221569,True,44100,1,3,1352106,30.66,30.66,0.0
221565,True,44100,1,3,1126314,25.54,25.54,0.0
221629,True,44100,1,3,225792,5.12,5.12,0.0
221630,True,44100,1,3,564480,12.8,12.8,0.0
221600,True,44100,1,3,564480,12.8,12.8,0.0
221599,True,44100,1,3,338688,7.68,7.68,0.0
221628,True,44100,1,3,110250,2.5,2.5,0.0
221582,True,44100,1,3,1465002,33.22,33.22,0.0
221604,True,44100,1,3,674730,15.3,15.3,0.0
221603,True,44100,1,3,790271,17.919977324263037,17.92,2.267573696457248e-05
221632,True,44100,1,3,561833,12.73997732426304,12.74,2.2675736961019766e-05
221631,True,44100,1,3,112895,2.5599773242630386,2.56,2.2675736961463855e-05
221592,True,44100,1,3,1016064,23.04,23.04,0.0
221554,True,44100,1,3,112896,2.56,2.56,0.0
221553,True,44100,1,3,677376,15.36,15.36,0.0
221587,True,44100,1,3,1354752,30.72,30.72,0.0
221581,True,44100,1,3,1241856,28.16,28.16,0.0
221557,True,44100,1,3,225792,5.12,5.12,0.0
221605,True,44100,1,3,225792,5.12,5.12,0.0
221552,True,44100,1,3,338688,7.68,7.68,0.0
221620,True,44100,1,3,112896,2.56,2.56,0.0
221621,True,44100,1,3,112896,2.56,2.56,0.0
221595,True,44100,1,3,225792,5.12,5.12,0.0
221619,True,44100,1,3,1126314,25.54,25.54,0.0
221570,True,44100,1,3,1465002,33.22,33.22,0.0
221594,True,44100,1,3,1239210,28.1,28.1,0.0
221593,True,44100,1,3,338688,7.68,7.68,0.0
221683,True,44100,1,3,1803690,40.9,40.9,0.0
221667,True,44100,1,3,1128960,25.6,25.6,0.0
221668,True,44100,1,3,338688,7.68,7.68,0.0
221693,True,44100,1,3,903167,20.47997732426304,20.48,2.2675736961019766e-05
221692,True,44100,1,3,338688,7.68,7.68,0.0
221682,True,44100,1,3,1126314,25.54,25.54,0.0
221686,True,44100,1,3,1916586,43.46,43.46,0.0
221669,True,44100,1,3,1241855,28.15997732426304,28.16,2.2675736961019766e-05
221674,True,44100,1,3,787626,17.86,17.86,0.0
221673,True,44100,1,3,564480,12.8,12.8,0.0
221646,True,44100,1,3,1577898,35.78,35.78,0.0
221675,True,44100,1,3,1690794,38.34,38.34,0.0
221652,True,44100,1,3,1128960,25.6,25.6,0.0
221647,True,44100,1,3,564480,12.8,12.8,0.0
221648,True,44100,1,3,110250,2.5,2.5,0.0
221660,True,44100,1,3,338688,7.68,7.68,0.0
221684,True,44100,1,3,451583,10.23997732426304,10.24,2.2675736961019766e-05
221685,True,44100,1,3,112896,2.56,2.56,0.0
221642,True,44100,1,3,225792,5.12,5.12,0.0
221643,True,44100,1,3,1126314,25.54,25.54,0.0
221641,True,44100,1,3,1467648,33.28,33.28,0.0
221677,True,44100,1,3,338688,7.68,7.68,0.0
221676,True,44100,1,3,338688,7.68,7.68,0.0
221678,True,44100,1,3,112896,2.56,2.56,0.0
221690,True,44100,1,3,1128960,25.6,25.6,0.0
221691,True,44100,1,3,448938,10.18,10.18,0.0
221672,True,44100,1,3,790272,17.92,17.92,0.0
221664,True,44100,1,3,225792,5.12,5.12,0.0
221665,True,44100,1,3,225792,5.12,5.12,0.0
221649,True,44100,1,3,225791,5.119977324263038,5.12,2.2675736961907944e-05
221650,True,44100,1,3,112895,2.5599773242630386,2.56,2.2675736961463855e-05
221666,True,44100,1,3,338688,7.68,7.68,0.0
221651,True,44100,1,3,1465002,33.22,33.22,0.0
221698,True,44100,1,3,225792,5.12,5.12,0.0
221699,True,44100,1,3,112895,2.5599773242630386,2.56,2.2675736961463855e-05
221640,True,44100,1,3,1693440,38.4,38.4,0.0
221681,True,44100,1,3,564480,12.8,12.8,0.0
221680,True,44100,1,3,225792,5.12,5.12,0.0
221696,True,44100,1,3,112896,2.56,2.56,0.0
221694,True,44100,1,3,112895,2.5599773242630386,2.56,2.2675736961463855e-05
221697,True,44100,1,3,112896,2.56,2.56,0.0
221695,True,44100,1,3,112896,2.56,2.56,0.0
221679,True,44100,1,3,1241856,28.16,28.16,0.0
221654,True,44100,1,3,1577898,35.78,35.78,0.0
221658,True,44100,1,3,1467648,33.28,33.28,0.0
221659,True,44100,1,3,2142378,48.58,48.58,0.0
221644,True,44100,1,3,1690794,38.34,38.34,0.0
221661,True,44100,1,3,1465002,33.22,33.22,0.0
221645,True,44100,1,3,112896,2.56,2.56,0.0
221801,True,44100,1,3,112896,2.56,2.56,0.0
221800,True,44100,1,3,677376,15.36,15.36,0.0
221771,True,44100,1,3,110250,2.5,2.5,0.0
221769,True,44100,1,3,112896,2.56,2.56,0.0
221770,True,44100,1,3,112896,2.56,2.56,0.0
221762,True,44100,1,3,225791,5.119977324263038,5.12,2.2675736961907944e-05
221763,True,44100,1,3,1126314,25.54,25.54,0.0
221791,True,44100,1,3,112895,2.5599773242630386,2.56,2.2675736961463855e-05
221792,True,44100,1,3,903168,20.48,20.48,0.0
221790,True,44100,1,3,790271,17.919977324263037,17.92,2.267573696457248e-05
221764,True,44100,1,3,1352106,30.66,30.66,0.0
221797,True,44100,1,3,1354752,30.72,30.72,0.0
221796,True,44100,1,3,1690794,38.34,38.34,0.0
221755,True,44100,1,3,1916586,43.46,43.46,0.0
221756,True,44100,1,3,1352106,30.66,30.66,0.0
221759,True,44100,1,3,1239210,28.1,28.1,0.0
221784,True,44100,1,3,1916586,43.46,43.46,0.0
221772,True,44100,1,3,903168,20.48,20.48,0.0
221774,True,44100,1,3,110250,2.5,2.5,0.0
221773,True,44100,1,3,225792,5.12,5.12,0.0
221766,True,44100,1,3,1916586,43.46,43.46,0.0
221775,True,44100,1,3,2029482,46.02,46.02,0.0
221758,True,44100,1,3,1239210,28.1,28.1,0.0
221760,True,44100,1,3,112895,2.5599773242630386,2.56,2.2675736961463855e-05
221761,True,44100,1,3,903167,20.47997732426304,20.48,2.2675736961019766e-05
221776,True,44100,1,3,1239210,28.1,28.1,0.0
221768,True,44100,1,3,1352106,30.66,30.66,0.0
221779,True,44100,1,3,1803690,40.9,40.9,0.0
221811,True,44100,1,3,1916586,43.46,43.46,0.0
221807,True,44100,1,3,1126314,25.54,25.54,0.0
221812,True,44100,1,3,1352106,30.66,30.66,0.0
221815,True,44100,1,3,1690794,38.34,38.34,0.0
221789,True,44100,1,3,110250,2.5,2.5,0.0
221788,True,44100,1,3,1016064,23.04,23.04,0.0
221767,True,44100,1,3,1239210,28.1,28.1,0.0
221777,True,44100,1,3,1465002,33.22,33.22,0.0
221814,True,44100,1,3,338688,7.68,7.68,0.0
221813,True,44100,1,3,225792,5.12,5.12,0.0
221803,True,44100,1,3,112895,2.5599773242630386,2.56,2.2675736961463855e-05
221783,True,44100,1,3,225792,5.12,5.12,0.0
221778,True,44100,1,3,790272,17.92,17.92,0.0
221794,True,44100,1,3,112895,2.5599773242630386,2.56,2.2675736961463855e-05
221793,True,44100,1,3,225791,5.119977324263038,5.12,2.2675736961907944e-05
221795,True,44100,1,3,112896,2.56,2.56,0.0
221787,True,44100,1,3,112896,2.56,2.56,0.0
221786,True,44100,1,3,225792,5.12,5.12,0.0
221785,True,44100,1,3,225792,5.12,5.12,0.0
221709,True,44100,1,3,2029482,46.02,46.02,0.0
221700,True,44100,1,3,677376,15.36,15.36,0.0
221725,True,44100,1,3,1241856,28.16,28.16,0.0
221720,True,44100,1,3,1013418,22.98,22.98,0.0
221708,True,44100,1,3,112896,2.56,2.56,0.0
221719,True,44100,1,3,1354752,30.72,30.72,0.0
221710,True,44100,1,3,564480,12.8,12.8,0.0
221711,True,44100,1,3,564480,12.8,12.8,0.0
221737,True,44100,1,3,1577898,35.78,35.78,0.0
221744,True,44100,1,3,2029482,46.02,46.02,0.0
221736,True,44100,1,3,1693440,38.4,38.4,0.0
221721,True,44100,1,3,1465002,33.22,33.22,0.0
221722,True,44100,1,3,1013418,22.98,22.98,0.0
221749,True,44100,1,3,1239210,28.1,28.1,0.0
221728,True,44100,1,3,112895,2.5599773242630386,2.56,2.2675736961463855e-05
221729,True,44100,1,3,112895,2.5599773242630386,2.56,2.2675736961463855e-05
221750,True,44100,1,3,903168,20.48,20.48,0.0
221745,True,44100,1,3,225792,5.12,5.12,0.0
221746,True,44100,1,3,564480,12.8,12.8,0.0
221747,True,44100,1,3,451583,10.23997732426304,10.24,2.2675736961019766e-05
221704,True,44100,1,3,1013418,22.98,22.98,0.0
221723,True,44100,1,3,1241856,28.16,28.16,0.0
221743,True,44100,1,3,1128960,25.6,25.6,0.0
221752,True,44100,1,3,900521,20.419977324263037,20.42,2.267573696457248e-05
221751,True,44100,1,3,338688,7.68,7.68,0.0
221739,True,44100,1,3,1016064,23.04,23.04,0.0
221742,True,44100,1,3,1241856,28.16,28.16,0.0
221703,True,44100,1,3,1577898,35.78,35.78,0.0
221753,True,44100,1,3,1239210,28.1,28.1,0.0
221738,True,44100,1,3,1126314,25.54,25.54,0.0
221734,True,44100,1,3,790271,17.919977324263037,17.92,2.267573696457248e-05
221707,True,44100,1,3,1016064,23.04,23.04,0.0
221741,True,44100,1,3,110250,2.5,2.5,0.0
221740,True,44100,1,3,1241856,28.16,28.16,0.0
221713,True,44100,1,3,112895,2.5599773242630386,2.56,2.2675736961463855e-05
221712,True,44100,1,3,677376,15.36,15.36,0.0
221730,True,44100,1,3,338688,7.68,7.68,0.0
221733,True,44100,1,3,674729,15.299977324263038,15.3,2.2675736962796122e-05
221731,True,44100,1,3,338688,7.68,7.68,0.0
221732,True,44100,1,3,677376,15.36,15.36,0.0
221702,True,44100,1,3,677376,15.36,15.36,0.0
221701,True,44100,1,3,451583,10.23997732426304,10.24,2.2675736961019766e-05
221715,True,44100,1,3,1126314,25.54,25.54,0.0
221714,True,44100,1,3,225792,5.12,5.12,0.0
221832,True,44100,1,3,1126314,25.54,25.54,0.0
221846,True,44100,1,3,112895,2.5599773242630386,2.56,2.2675736961463855e-05
221845,True,44100,1,3,225791,5.119977324263038,5.12,2.2675736961907944e-05
221844,True,44100,1,3,112895,2.5599773242630386,2.56,2.2675736961463855e-05
221850,True,44100,1,3,336042,7.62,7.62,0.0
221848,True,44100,1,3,112895,2.5599773242630386,2.56,2.2675736961463855e-05
221847,True,44100,1,3,112896,2.56,2.56,0.0
221849,True,44100,1,3,451584,10.24,10.24,0.0
221823,True,44100,1,3,451584,10.24,10.24,0.0
221824,True,44100,1,3,1352106,30.66,30.66,0.0
221835,True,44100,1,3,1016064,23.04,23.04,0.0
221836,True,44100,1,3,448938,10.18,10.18,0.0
221843,True,44100,1,3,112896,2.56,2.56,0.0
221838,True,44100,1,3,112896,2.56,2.56,0.0
221831,True,44100,1,3,112895,2.5599773242630386,2.56,2.2675736961463855e-05
221841,True,44100,1,3,451584,10.24,10.24,0.0
221840,True,44100,1,3,112895,2.5599773242630386,2.56,2.2675736961463855e-05
221839,True,44100,1,3,1016064,23.04,23.04,0.0
221816,True,44100,1,3,112896,2.56,2.56,0.0
221817,True,44100,1,3,225792,5.12,5.12,0.0
221818,True,44100,1,3,112896,2.56,2.56,0.0
221837,True,44100,1,3,451583,10.23997732426304,10.24,2.2675736961019766e-05
221819,True,44100,1,3,112895,2.5599773242630386,2.56,2.2675736961463855e-05
221820,True,44100,1,3,451583,10.23997732426304,10.24,2.2675736961019766e-05
221842,True,44100,1,3,338688,7.68,7.68,0.0
221830,True,44100,1,3,225791,5.119977324263038,5.12,2.2675736961907944e-05
221827,True,44100,1,3,338688,7.68,7.68,0.0
221828,True,44100,1,3,225791,5.119977324263038,5.12,2.2675736961907944e-05
221829,True,44100,1,3,225791,5.119977324263038,5.12,2.2675736961907944e-05
221833,True,44100,1,3,338688,7.68,7.68,0.0
221834,True,44100,1,3,112895,2.5599773242630386,2.56,2.2675736961463855e-05
221851,True,44100,1,3,112895,2.5599773242630386,2.56,2.2675736961463855e-05
221857,True,44100,1,3,1352106,30.66,30.66,0.0
221854,True,44100,1,3,1690794,38.34,38.34,0.0
221868,True,44100,1,3,451583,10.23997732426304,10.24,2.2675736961019766e-05
221867,True,44100,1,3,225792,5.12,5.12,0.0
221860,True,44100,1,3,451583,10.23997732426304,10.24,2.2675736961019766e-05
221861,True,44100,1,3,564480,12.8,12.8,0.0
221863,True,44100,1,3,2481066,56.26,56.26,0.0
221856,True,44100,1,3,1126314,25.54,25.54,0.0
221862,True,44100,1,3,1916586,43.46,43.46,0.0
221852,True,44100,1,3,1352106,30.66,30.66,0.0
221864,True,44100,1,3,903168,20.48,20.48,0.0
221865,True,44100,1,3,1013418,22.98,22.98,0.0
221858,True,44100,1,3,112896,2.56,2.56,0.0
221859,True,44100,1,3,1577898,35.78,35.78,0.0
221866,True,44100,1,3,1239210,28.1,28.1,0.0
221853,True,44100,1,3,1354752,30.72,30.72,0.0
221855,True,44100,1,3,1352106,30.66,30.66,0.0
221893,True,44100,1,3,674730,15.3,15.3,0.0
221892,True,44100,1,3,112896,2.56,2.56,0.0
221890,True,44100,1,3,225791,5.119977324263038,5.12,2.2675736961907944e-05
221891,True,44100,1,3,451583,10.23997732426304,10.24,2.2675736961019766e-05
221954,True,44100,1,3,1354752,30.72,30.72,0.0
221941,True,44100,1,3,1352106,30.66,30.66,0.0
221885,True,44100,1,3,1803690,40.9,40.9,0.0
221876,True,44100,1,3,225792,5.12,5.12,0.0
221877,True,44100,1,3,1465002,33.22,33.22,0.0
221894,True,44100,1,3,1465002,33.22,33.22,0.0
221913,True,44100,1,3,1580544,35.84,35.84,0.0
221921,True,44100,1,3,1352106,30.66,30.66,0.0
221926,True,44100,1,3,1352106,30.66,30.66,0.0
221911,True,44100,1,3,1352106,30.66,30.66,0.0
221929,True,44100,1,3,1352106,30.66,30.66,0.0
221917,True,44100,1,3,110250,2.5,2.5,0.0
221915,True,44100,1,3,903168,20.48,20.48,0.0
221916,True,44100,1,3,225792,5.12,5.12,0.0
221897,True,44100,1,3,2142378,48.58,48.58,0.0
221914,True,44100,1,3,1690794,38.34,38.34,0.0
221957,True,44100,1,3,338688,7.68,7.68,0.0
221958,True,44100,1,3,1919231,43.51997732426304,43.52,2.267573696457248e-05
221895,True,44100,1,3,451583,10.23997732426304,10.24,2.2675736961019766e-05
221896,True,44100,1,3,561833,12.73997732426304,12.74,2.2675736961019766e-05
221920,True,44100,1,3,1690794,38.34,38.34,0.0
221943,True,44100,1,3,1916586,43.46,43.46,0.0
221960,True,44100,1,3,564480,12.8,12.8,0.0
221959,True,44100,1,3,1016064,23.04,23.04,0.0
221875,True,44100,1,3,1465002,33.22,33.22,0.0
221906,True,44100,1,3,1239210,28.1,28.1,0.0
221956,True,44100,1,3,1465002,33.22,33.22,0.0
221961,True,44100,1,3,1916586,43.46,43.46,0.0
221942,True,44100,1,3,1354752,30.72,30.72,0.0
221928,True,44100,1,3,1690794,38.34,38.34,0.0
221953,True,44100,1,3,1352106,30.66,30.66,0.0
221884,True,44100,1,3,1916586,43.46,43.46,0.0
221888,True,44100,1,3,1580544,35.84,35.84,0.0
221870,True,44100,1,3,225792,5.12,5.12,0.0
221871,True,44100,1,3,223145,5.059977324263039,5.06,2.2675736961019766e-05
221869,True,44100,1,3,338688,7.68,7.68,0.0
221907,True,44100,1,3,1128960,25.6,25.6,0.0
221908,True,44100,1,3,338688,7.68,7.68,0.0
221910,True,44100,1,3,112895,2.5599773242630386,2.56,2.2675736961463855e-05
221909,True,44100,1,3,790271,17.919977324263037,17.92,2.267573696457248e-05
221946,True,44100,1,3,225792,5.12,5.12,0.0
221948,True,44100,1,3,225792,5.12,5.12,0.0
221949,True,44100,1,3,790271,17.919977324263037,17.92,2.267573696457248e-05
221947,True,44100,1,3,564480,12.8,12.8,0.0
221889,True,44100,1,3,1241856,28.16,28.16,0.0
221955,True,44100,1,3,2032128,46.08,46.08,0.0
221872,True,44100,1,3,1465002,33.22,33.22,0.0
221944,True,44100,1,3,1467648,33.28,33.28,0.0
221887,True,44100,1,3,225791,5.119977324263038,5.12,2.2675736961907944e-05
221886,True,44100,1,3,1241856,28.16,28.16,0.0
221873,True,44100,1,3,451584,10.24,10.24,0.0
221874,True,44100,1,3,112895,2.5599773242630386,2.56,2.2675736961463855e-05
221927,True,44100,1,3,2032128,46.08,46.08,0.0
221940,True,44100,1,3,112895,2.5599773242630386,2.56,2.2675736961463855e-05
221939,True,44100,1,3,1467648,33.28,33.28,0.0
221952,True,44100,1,3,1806336,40.96,40.96,0.0
221938,True,44100,1,3,451583,10.23997732426304,10.24,2.2675736961019766e-05
221937,True,44100,1,3,451583,10.23997732426304,10.24,2.2675736961019766e-05
221936,True,44100,1,3,112896,2.56,2.56,0.0
221905,True,44100,1,3,338688,7.68,7.68,0.0
221902,True,44100,1,3,564480,12.8,12.8,0.0
221903,True,44100,1,3,451584,10.24,10.24,0.0
221904,True,44100,1,3,112895,2.5599773242630386,2.56,2.2675736961463855e-05
221924,True,44100,1,3,677376,15.36,15.36,0.0
221925,True,44100,1,3,790272,17.92,17.92,0.0
221879,True,44100,1,3,338688,7.68,7.68,0.0
221878,True,44100,1,3,338688,7.68,7.68,0.0
221918,True,44100,1,3,1354752,30.72,30.72,0.0
221950,True,44100,1,3,225792,5.12,5.12,0.0
221951,True,44100,1,3,223146,5.06,5.06,0.0
221898,True,44100,1,3,564480,12.8,12.8,0.0
221900,True,44100,1,3,225791,5.119977324263038,5.12,2.2675736961907944e-05
221899,True,44100,1,3,451583,10.23997732426304,10.24,2.2675736961019766e-05
221901,True,44100,1,3,110250,2.5,2.5,0.0
221932,True,44100,1,3,1580544,35.84,35.84,0.0
221923,True,44100,1,3,225791,5.119977324263038,5.12,2.2675736961907944e-05
221922,True,44100,1,3,451583,10.23997732426304,10.24,2.2675736961019766e-05
221945,True,44100,1,3,1803690,40.9,40.9,0.0
221934,True,44100,1,3,451584,10.24,10.24,0.0
221933,True,44100,1,3,564480,12.8,12.8,0.0
221935,True,44100,1,3,448938,10.18,10.18,0.0
221912,True,44100,1,3,1803690,40.9,40.9,0.0
221882,True,44100,1,3,677376,15.36,15.36,0.0
221883,True,44100,1,3,451584,10.24,10.24,0.0
221971,True,44100,1,3,564480,12.8,12.8,0.0
221973,True,44100,1,3,448938,10.18,10.18,0.0
221972,True,44100,1,3,564480,12.8,12.8,0.0
221984,True,44100,1,3,564480,12.8,12.8,0.0
221989,True,44100,1,3,2032128,46.08,46.08,0.0
221990,True,44100,1,3,110250,2.5,2.5,0.0
221980,True,44100,1,3,1467648,33.28,33.28,0.0
221981,True,44100,1,3,451583,10.23997732426304,10.24,2.2675736961019766e-05
221964,True,44100,1,3,1580544,35.84,35.84,0.0
221968,True,44100,1,3,225791,5.119977324263038,5.12,2.2675736961907944e-05
221970,True,44100,1,3,112896,2.56,2.56,0.0
221967,True,44100,1,3,677376,15.36,15.36,0.0
221969,True,44100,1,3,112896,2.56,2.56,0.0
221985,True,44100,1,3,112895,2.5599773242630386,2.56,2.2675736961463855e-05
221986,True,44100,1,3,903168,20.48,20.48,0.0
221974,True,44100,1,3,1354752,30.72,30.72,0.0
221983,True,44100,1,3,1128960,25.6,25.6,0.0
221982,True,44100,1,3,451583,10.23997732426304,10.24,2.2675736961019766e-05
221988,True,44100,1,3,564479,12.799977324263038,12.8,2.2675736962796122e-05
221987,True,44100,1,3,1016064,23.04,23.04,0.0
221966,True,44100,1,3,223145,5.059977324263039,5.06,2.2675736961019766e-05
221965,True,44100,1,3,564480,12.8,12.8,0.0
221978,True,44100,1,3,225792,5.12,5.12,0.0
221979,True,44100,1,3,225791,5.119977324263038,5.12,2.2675736961907944e-05
221992,True,44100,1,3,1126314,25.54,25.54,0.0
221991,True,44100,1,3,677376,15.36,15.36,0.0
221975,True,44100,1,3,1580544,35.84,35.84,0.0
221962,True,44100,1,3,903168,20.48,20.48,0.0
221963,True,44100,1,3,225791,5.119977324263038,5.12,2.2675736961907944e-05
221976,True,44100,1,3,451584,10.24,10.24,0.0
221977,True,44100,1,3,451583,10.23997732426304,10.24,2.2675736961019766e-05
222059,True,44100,1,3,1241855,28.15997732426304,28.16,2.2675736961019766e-05
222058,True,44100,1,3,338688,7.68,7.68,0.0
222043,True,44100,1,3,338688,7.68,7.68,0.0
222042,True,44100,1,3,790271,17.919977324263037,17.92,2.267573696457248e-05
222008,True,44100,1,3,1467648,33.28,33.28,0.0
222036,True,44100,1,3,338688,7.68,7.68,0.0
222035,True,44100,1,3,903168,20.48,20.48,0.0
222034,True,44100,1,3,338688,7.68,7.68,0.0
222033,True,44100,1,3,451584,10.24,10.24,0.0
222032,True,44100,1,3,338688,7.68,7.68,0.0
222020,True,44100,1,3,451584,10.24,10.24,0.0
222021,True,44100,1,3,112895,2.5599773242630386,2.56,2.2675736961463855e-05
222039,True,44100,1,3,564479,12.799977324263038,12.8,2.2675736962796122e-05
222038,True,44100,1,3,338688,7.68,7.68,0.0
222037,True,44100,1,3,112896,2.56,2.56,0.0
222040,True,44100,1,3,451584,10.24,10.24,0.0
222019,True,44100,1,3,1693440,38.4,38.4,0.0
222026,True,44100,1,3,1352106,30.66,30.66,0.0
222046,True,44100,1,3,223145,5.059977324263039,5.06,2.2675736961019766e-05
222024,True,44100,1,3,1016064,23.04,23.04,0.0
222025,True,44100,1,3,338688,7.68,7.68,0.0
222051,True,44100,1,3,225791,5.119977324263038,5.12,2.2675736961907944e-05
222050,True,44100,1,3,1016064,23.04,23.04,0.0
222049,True,44100,1,3,338688,7.68,7.68,0.0
222017,True,44100,1,3,225792,5.12,5.12,0.0
222016,True,44100,1,3,790271,17.919977324263037,17.92,2.267573696457248e-05
222061,True,44100,1,3,112895,2.5599773242630386,2.56,2.2675736961463855e-05
222060,True,44100,1,3,790271,17.919977324263037,17.92,2.267573696457248e-05
222053,True,44100,1,3,564480,12.8,12.8,0.0
222052,True,44100,1,3,564480,12.8,12.8,0.0
222009,True,44100,1,3,1690794,38.34,38.34,0.0
222007,True,44100,1,3,1126314,25.54,25.54,0.0
222015,True,44100,1,3,1580544,35.84,35.84,0.0
222010,True,44100,1,3,1467648,33.28,33.28,0.0
222005,True,44100,1,3,1352106,30.66,30.66,0.0
222041,True,44100,1,3,1690794,38.34,38.34,0.0
221999,True,44100,1,3,1690794,38.34,38.34,0.0
222013,True,44100,1,3,677376,15.36,15.36,0.0
222014,True,44100,1,3,787626,17.86,17.86,0.0
222056,True,44100,1,3,2142378,48.58,48.58,0.0
222018,True,44100,1,3,2257920,51.2,51.2,0.0
222006,True,44100,1,3,1916586,43.46,43.46,0.0
221995,True,44100,1,3,564480,12.8,12.8,0.0
221998,True,44100,1,3,2257920,51.2,51.2,0.0
222028,True,44100,1,3,338688,7.68,7.68,0.0
222027,True,44100,1,3,1467648,33.28,33.28,0.0
221996,True,44100,1,3,1690794,38.34,38.34,0.0
222044,True,44100,1,3,2029482,46.02,46.02,0.0
222045,True,44100,1,3,2142378,48.58,48.58,0.0
222004,True,44100,1,3,790272,17.92,17.92,0.0
222002,True,44100,1,3,677376,15.36,15.36,0.0
222003,True,44100,1,3,338688,7.68,7.68,0.0
222064,True,44100,1,3,1806336,40.96,40.96,0.0
222057,True,44100,1,3,2145024,48.64,48.64,0.0
222048,True,44100,1,3,903168,20.48,20.48,0.0
222047,True,44100,1,3,677376,15.36,15.36,0.0
222063,True,44100,1,3,451583,10.23997732426304,10.24,2.2675736961019766e-05
222062,True,44100,1,3,564480,12.8,12.8,0.0
222055,True,44100,1,3,564479,12.799977324263038,12.8,2.2675736962796122e-05
222054,True,44100,1,3,790271,17.919977324263037,17.92,2.267573696457248e-05
222069,True,44100,1,3,2142378,48.58,48.58,0.0
222072,True,44100,1,3,677376,15.36,15.36,0.0
222071,True,44100,1,3,564480,12.8,12.8,0.0
222070,True,44100,1,3,564480,12.8,12.8,0.0
222073,True,44100,1,3,1465002,33.22,33.22,0.0
222075,True,44100,1,3,1919232,43.52,43.52,0.0
222074,True,44100,1,3,2029482,46.02,46.02,0.0
222065,True,44100,1,3,1806336,40.96,40.96,0.0
222067,True,44100,1,3,1352106,30.66,30.66,0.0
222068,True,44100,1,3,1467648,33.28,33.28,0.0
222066,True,44100,1,3,1803690,40.9,40.9,0.0
222105,True,44100,1,3,1803690,40.9,40.9,0.0
222107,True,44100,1,3,1465002,33.22,33.22,0.0
222087,True,44100,1,3,1465002,33.22,33.22,0.0
222088,True,44100,1,3,1693440,38.4,38.4,0.0
222136,True,44100,1,3,1690794,38.34,38.34,0.0
222095,True,44100,1,3,1354752,30.72,30.72,0.0
222099,True,44100,1,3,1806336,40.96,40.96,0.0
222098,True,44100,1,3,451583,10.23997732426304,10.24,2.2675736961019766e-05
222094,True,44100,1,3,2142378,48.58,48.58,0.0
222093,True,44100,1,3,1919232,43.52,43.52,0.0
222127,True,44100,1,3,1916586,43.46,43.46,0.0
222119,True,44100,1,3,1916586,43.46,43.46,0.0
222129,True,44100,1,3,2029482,46.02,46.02,0.0
222118,True,44100,1,3,1803690,40.9,40.9,0.0
222124,True,44100,1,3,1580544,35.84,35.84,0.0
222091,True,44100,1,3,1465002,33.22,33.22,0.0
222100,True,44100,1,3,2255274,51.14,51.14,0.0
222092,True,44100,1,3,2368170,53.7,53.7,0.0
222106,True,44100,1,3,1916586,43.46,43.46,0.0
222090,True,44100,1,3,112895,2.5599773242630386,2.56,2.2675736961463855e-05
222089,True,44100,1,3,1580544,35.84,35.84,0.0
222101,True,44100,1,3,1693440,38.4,38.4,0.0
222116,True,44100,1,3,677376,15.36,15.36,0.0
222117,True,44100,1,3,112896,2.56,2.56,0.0
222112,True,44100,1,3,1693440,38.4,38.4,0.0
222132,True,44100,1,3,2029482,46.02,46.02,0.0
222126,True,44100,1,3,112895,2.5599773242630386,2.56,2.2675736961463855e-05
222125,True,44100,1,3,112896,2.56,2.56,0.0
222138,True,44100,1,3,1919232,43.52,43.52,0.0
222128,True,44100,1,3,1467648,33.28,33.28,0.0
222110,True,44100,1,3,225792,5.12,5.12,0.0
222111,True,44100,1,3,903168,20.48,20.48,0.0
222081,True,44100,1,3,564480,12.8,12.8,0.0
222082,True,44100,1,3,112896,2.56,2.56,0.0
222084,True,44100,1,3,225792,5.12,5.12,0.0
222083,True,44100,1,3,112895,2.5599773242630386,2.56,2.2675736961463855e-05
222085,True,44100,1,3,338688,7.68,7.68,0.0
222078,True,44100,1,3,1352106,30.66,30.66,0.0
222077,True,44100,1,3,112896,2.56,2.56,0.0
222076,True,44100,1,3,225792,5.12,5.12,0.0
222097,True,44100,1,3,564480,12.8,12.8,0.0
222096,True,44100,1,3,1016064,23.04,23.04,0.0
222121,True,44100,1,3,564480,12.8,12.8,0.0
222120,True,44100,1,3,790271,17.919977324263037,17.92,2.267573696457248e-05
222134,True,44100,1,3,451583,10.23997732426304,10.24,2.2675736961019766e-05
222135,True,44100,1,3,1013417,22.97997732426304,22.98,2.2675736961019766e-05
222080,True,44100,1,3,338688,7.68,7.68,0.0
222079,True,44100,1,3,1016064,23.04,23.04,0.0
222109,True,44100,1,3,112896,2.56,2.56,0.0
222108,True,44100,1,3,451584,10.24,10.24,0.0
222122,True,44100,1,3,790271,17.919977324263037,17.92,2.267573696457248e-05
222123,True,44100,1,3,677376,15.36,15.36,0.0
222113,True,44100,1,3,225792,5.12,5.12,0.0
222131,True,44100,1,3,903168,20.48,20.48,0.0
222140,True,44100,1,3,112896,2.56,2.56,0.0
222139,True,44100,1,3,225792,5.12,5.12,0.0
222141,True,44100,1,3,451583,10.23997732426304,10.24,2.2675736961019766e-05
222086,True,44100,1,3,336041,7.619977324263038,7.62,2.2675736961907944e-05
222130,True,44100,1,3,1806335,40.959977324263036,40.96,2.267573696457248e-05
222102,True,44100,1,3,790272,17.92,17.92,0.0
222115,True,44100,1,3,112896,2.56,2.56,0.0
222114,True,44100,1,3,1354752,30.72,30.72,0.0
222103,True,44100,1,3,3610026,81.86,81.86,0.0
222104,True,44100,1,3,1919232,43.52,43.52,0.0
222137,True,44100,1,3,1806336,40.96,40.96,0.0
222218,True,44100,1,3,1241856,28.16,28.16,0.0
222219,True,44100,1,3,112895,2.5599773242630386,2.56,2.2675736961463855e-05
222220,True,44100,1,3,451584,10.24,10.24,0.0
222227,True,44100,1,3,2029482,46.02,46.02,0.0
222178,True,44100,1,3,448938,10.18,10.18,0.0
222203,True,44100,1,3,1803690,40.9,40.9,0.0
222189,True,44100,1,3,2032128,46.08,46.08,0.0
222179,True,44100,1,3,1916586,43.46,43.46,0.0
222225,True,44100,1,3,1354752,30.72,30.72,0.0
222226,True,44100,1,3,223146,5.06,5.06,0.0
222176,True,44100,1,3,1916586,43.46,43.46,0.0
222188,True,44100,1,3,1803690,40.9,40.9,0.0
222221,True,44100,1,3,1577898,35.78,35.78,0.0
222256,True,44100,1,3,1126314,25.54,25.54,0.0
222262,True,44100,1,3,1690794,38.34,38.34,0.0
222261,True,44100,1,3,225792,5.12,5.12,0.0
222250,True,44100,1,3,112896,2.56,2.56,0.0
222251,True,44100,1,3,1016064,23.04,23.04,0.0
222239,True,44100,1,3,1693440,38.4,38.4,0.0
222267,True,44100,1,3,1690794,38.34,38.34,0.0
222244,True,44100,1,3,338688,7.68,7.68,0.0
222243,True,44100,1,3,903167,20.47997732426304,20.48,2.2675736961019766e-05
222242,True,44100,1,3,112895,2.5599773242630386,2.56,2.2675736961463855e-05
222248,True,44100,1,3,1577898,35.78,35.78,0.0
222266,True,44100,1,3,225792,5.12,5.12,0.0
222265,True,44100,1,3,451583,10.23997732426304,10.24,2.2675736961019766e-05
222264,True,44100,1,3,225792,5.12,5.12,0.0
222245,True,44100,1,3,1465002,33.22,33.22,0.0
222241,True,44100,1,3,1467648,33.28,33.28,0.0
222247,True,44100,1,3,2257920,51.2,51.2,0.0
222260,True,44100,1,3,1128960,25.6,25.6,0.0
222257,True,44100,1,3,1354752,30.72,30.72,0.0
222238,True,44100,1,3,1241856,28.16,28.16,0.0
222252,True,44100,1,3,1241856,28.16,28.16,0.0
222270,True,44100,1,3,2029482,46.02,46.02,0.0
222297,True,44100,1,3,1352106,30.66,30.66,0.0
222309,True,44100,1,3,1916586,43.46,43.46,0.0
222277,True,44100,1,3,2029482,46.02,46.02,0.0
222300,True,44100,1,3,2368170,53.7,53.7,0.0
222276,True,44100,1,3,2368170,53.7,53.7,0.0
222273,True,44100,1,3,2145024,48.64,48.64,0.0
222302,True,44100,1,3,677376,15.36,15.36,0.0
222301,True,44100,1,3,1128960,25.6,25.6,0.0
222305,True,44100,1,3,3499776,79.36,79.36,0.0
222287,True,44100,1,3,1803690,40.9,40.9,0.0
222274,True,44100,1,3,1806336,40.96,40.96,0.0
222304,True,44100,1,3,112895,2.5599773242630386,2.56,2.2675736961463855e-05
222303,True,44100,1,3,1128960,25.6,25.6,0.0
222290,True,44100,1,3,677376,15.36,15.36,0.0
222294,True,44100,1,3,338688,7.68,7.68,0.0
222293,True,44100,1,3,790271,17.919977324263037,17.92,2.267573696457248e-05
222295,True,44100,1,3,338688,7.68,7.68,0.0
222296,True,44100,1,3,338688,7.68,7.68,0.0
222299,True,44100,1,3,1916585,43.459977324263036,43.46,2.267573696457248e-05
222298,True,44100,1,3,225792,5.12,5.12,0.0
222284,True,44100,1,3,338688,7.68,7.68,0.0
222286,True,44100,1,3,900522,20.42,20.42,0.0
222285,True,44100,1,3,903168,20.48,20.48,0.0
222308,True,44100,1,3,1693440,38.4,38.4,0.0
222307,True,44100,1,3,112896,2.56,2.56,0.0
222289,True,44100,1,3,1806336,40.96,40.96,0.0
222278,True,44100,1,3,1806336,40.96,40.96,0.0
222279,True,44100,1,3,451584,10.24,10.24,0.0
222272,True,44100,1,3,1352106,30.66,30.66,0.0
222280,True,44100,1,3,2032128,46.08,46.08,0.0
222343,True,44100,1,3,112896,2.56,2.56,0.0
222353,True,44100,1,3,787626,17.86,17.86,0.0
222352,True,44100,1,3,451583,10.23997732426304,10.24,2.2675736961019766e-05
222351,True,44100,1,3,1241856,28.16,28.16,0.0
222349,True,44100,1,3,1016064,23.04,23.04,0.0
222346,True,44100,1,3,338688,7.68,7.68,0.0
222345,True,44100,1,3,112895,2.5599773242630386,2.56,2.2675736961463855e-05
222350,True,44100,1,3,2368170,53.7,53.7,0.0
222340,True,44100,1,3,2142378,48.58,48.58,0.0
222347,True,44100,1,3,2593962,58.82,58.82,0.0
222344,True,44100,1,3,1577898,35.78,35.78,0.0
222342,True,44100,1,3,2370816,53.76,53.76,0.0
222348,True,44100,1,3,2142378,48.58,48.58,0.0
222354,True,44100,1,3,451583,10.23997732426304,10.24,2.2675736961019766e-05
222356,True,44100,1,3,1239210,28.1,28.1,0.0
222355,True,44100,1,3,338688,7.68,7.68,0.0
222314,True,44100,1,3,1916586,43.46,43.46,0.0
222326,True,44100,1,3,1577898,35.78,35.78,0.0
222317,True,44100,1,3,1690794,38.34,38.34,0.0
222330,True,44100,1,3,1577898,35.78,35.78,0.0
222316,True,44100,1,3,1803690,40.9,40.9,0.0
222310,True,44100,1,3,1803690,40.9,40.9,0.0
222318,True,44100,1,3,1465002,33.22,33.22,0.0
222327,True,44100,1,3,1465002,33.22,33.22,0.0
222312,True,44100,1,3,1690794,38.34,38.34,0.0
222320,True,44100,1,3,1465002,33.22,33.22,0.0
222324,True,44100,1,3,2481066,56.26,56.26,0.0
222337,True,44100,1,3,1916586,43.46,43.46,0.0
222329,True,44100,1,3,1916586,43.46,43.46,0.0
222331,True,44100,1,3,1465002,33.22,33.22,0.0
222332,True,44100,1,3,2255274,51.14,51.14,0.0
222328,True,44100,1,3,2255274,51.14,51.14,0.0
222334,True,44100,1,3,1577898,35.78,35.78,0.0
222323,True,44100,1,3,2593962,58.82,58.82,0.0
222313,True,44100,1,3,2029482,46.02,46.02,0.0
222325,True,44100,1,3,225791,5.119977324263038,5.12,2.2675736961907944e-05
222383,True,44100,1,3,1580544,35.84,35.84,0.0
222380,True,44100,1,3,1465002,33.22,33.22,0.0
222428,True,44100,1,3,1126314,25.54,25.54,0.0
222429,True,44100,1,3,1690794,38.34,38.34,0.0
222382,True,44100,1,3,1352106,30.66,30.66,0.0
222422,True,44100,1,3,1806336,40.96,40.96,0.0
222437,True,44100,1,3,1916586,43.46,43.46,0.0
222388,True,44100,1,3,225791,5.119977324263038,5.12,2.2675736961907944e-05
222387,True,44100,1,3,112895,2.5599773242630386,2.56,2.2675736961463855e-05
222389,True,44100,1,3,1352105,30.65997732426304,30.66,2.2675736961019766e-05
222370,True,44100,1,3,1352106,30.66,30.66,0.0
222379,True,44100,1,3,1465002,33.22,33.22,0.0
222416,True,44100,1,3,1239210,28.1,28.1,0.0
222362,True,44100,1,3,1128960,25.6,25.6,0.0
222364,True,44100,1,3,674729,15.299977324263038,15.3,2.2675736962796122e-05
222363,True,44100,1,3,338688,7.68,7.68,0.0
222397,True,44100,1,3,561834,12.74,12.74,0.0
222396,True,44100,1,3,112895,2.5599773242630386,2.56,2.2675736961463855e-05
222395,True,44100,1,3,112895,2.5599773242630386,2.56,2.2675736961463855e-05
222366,True,44100,1,3,1577898,35.78,35.78,0.0
222408,True,44100,1,3,1690794,38.34,38.34,0.0
222394,True,44100,1,3,1241856,28.16,28.16,0.0
222393,True,44100,1,3,225792,5.12,5.12,0.0
222400,True,44100,1,3,1239210,28.1,28.1,0.0
222374,True,44100,1,3,1916586,43.46,43.46,0.0
222399,True,44100,1,3,1577898,35.78,35.78,0.0
222434,True,44100,1,3,112895,2.5599773242630386,2.56,2.2675736961463855e-05
222435,True,44100,1,3,677376,15.36,15.36,0.0
222436,True,44100,1,3,564480,12.8,12.8,0.0
222358,True,44100,1,3,1354752,30.72,30.72,0.0
222409,True,44100,1,3,451583,10.23997732426304,10.24,2.2675736961019766e-05
222410,True,44100,1,3,1016064,23.04,23.04,0.0
222433,True,44100,1,3,451583,10.23997732426304,10.24,2.2675736961019766e-05
222406,True,44100,1,3,903168,20.48,20.48,0.0
222405,True,44100,1,3,564480,12.8,12.8,0.0
222368,True,44100,1,3,677376,15.36,15.36,0.0
222367,True,44100,1,3,338688,7.68,7.68,0.0
222369,True,44100,1,3,223146,5.06,5.06,0.0
222378,True,44100,1,3,336042,7.62,7.62,0.0
222377,True,44100,1,3,903168,20.48,20.48,0.0
222357,True,44100,1,3,1128960,25.6,25.6,0.0
222398,True,44100,1,3,1580544,35.84,35.84,0.0
222414,True,44100,1,3,1465002,33.22,33.22,0.0
222372,True,44100,1,3,1126314,25.54,25.54,0.0
222411,True,44100,1,3,1577898,35.78,35.78,0.0
222402,True,44100,1,3,903168,20.48,20.48,0.0
222401,True,44100,1,3,338688,7.68,7.68,0.0
222425,True,44100,1,3,1690794,38.34,38.34,0.0
222384,True,44100,1,3,1354752,30.72,30.72,0.0
222360,True,44100,1,3,787626,17.86,17.86,0.0
222359,True,44100,1,3,225792,5.12,5.12,0.0
222431,True,44100,1,3,2032128,46.08,46.08,0.0
222381,True,44100,1,3,1467648,33.28,33.28,0.0
222361,True,44100,1,3,1916586,43.46,43.46,0.0
222426,True,44100,1,3,1239210,28.1,28.1,0.0
222373,True,44100,1,3,1577898,35.78,35.78,0.0
222412,True,44100,1,3,112896,2.56,2.56,0.0
222413,True,44100,1,3,1352106,30.66,30.66,0.0
222424,True,44100,1,3,1352106,30.66,30.66,0.0
222438,True,44100,1,3,1239210,28.1,28.1,0.0
222371,True,44100,1,3,1239210,28.1,28.1,0.0
222427,True,44100,1,3,2029482,46.02,46.02,0.0
222420,True,44100,1,3,1354752,30.72,30.72,0.0
222365,True,44100,1,3,2368170,53.7,53.7,0.0
222375,True,44100,1,3,1352106,30.66,30.66,0.0
222418,True,44100,1,3,112895,2.5599773242630386,2.56,2.2675736961463855e-05
222419,True,44100,1,3,1013417,22.97997732426304,22.98,2.2675736961019766e-05
222392,True,44100,1,3,1916586,43.46,43.46,0.0
222404,True,44100,1,3,1239210,28.1,28.1,0.0
222417,True,44100,1,3,1241856,28.16,28.16,0.0
222385,True,44100,1,3,1690794,38.34,38.34,0.0
222386,True,44100,1,3,1239210,28.1,28.1,0.0
222403,True,44100,1,3,1239210,28.1,28.1,0.0
222430,True,44100,1,3,787626,17.86,17.86,0.0
222376,True,44100,1,3,1465002,33.22,33.22,0.0
222423,True,44100,1,3,1013418,22.98,22.98,0.0
222432,True,44100,1,3,1352106,30.66,30.66,0.0
222390,True,44100,1,3,1241856,28.16,28.16,0.0
222415,True,44100,1,3,1239210,28.1,28.1,0.0
222391,True,44100,1,3,1241856,28.16,28.16,0.0
222421,True,44100,1,3,1803690,40.9,40.9,0.0
222506,True,44100,1,3,1465002,33.22,33.22,0.0
222510,True,44100,1,3,2370816,53.76,53.76,0.0
222485,True,44100,1,3,1467648,33.28,33.28,0.0
222502,True,44100,1,3,2145024,48.64,48.64,0.0
222495,True,44100,1,3,903168,20.48,20.48,0.0
222459,True,44100,1,3,1239210,28.1,28.1,0.0
222509,True,44100,1,3,1580544,35.84,35.84,0.0
222475,True,44100,1,3,2368170,53.7,53.7,0.0
222445,True,44100,1,3,1467648,33.28,33.28,0.0
222498,True,44100,1,3,677376,15.36,15.36,0.0
222499,True,44100,1,3,674730,15.3,15.3,0.0
222453,True,44100,1,3,1467648,33.28,33.28,0.0
222500,True,44100,1,3,1690793,38.33997732426304,38.34,2.267573696457248e-05
222518,True,44100,1,3,2481066,56.26,56.26,0.0
222447,True,44100,1,3,225792,5.12,5.12,0.0
222449,True,44100,1,3,903167,20.47997732426304,20.48,2.2675736961019766e-05
222448,True,44100,1,3,451583,10.23997732426304,10.24,2.2675736961019766e-05
222489,True,44100,1,3,2481066,56.26,56.26,0.0
222508,True,44100,1,3,223146,5.06,5.06,0.0
222507,True,44100,1,3,1128960,25.6,25.6,0.0
222483,True,44100,1,3,1465002,33.22,33.22,0.0
222496,True,44100,1,3,1803690,40.9,40.9,0.0
222460,True,44100,1,3,1467648,33.28,33.28,0.0
222452,True,44100,1,3,1577898,35.78,35.78,0.0
222443,True,44100,1,3,1806336,40.96,40.96,0.0
222444,True,44100,1,3,112896,2.56,2.56,0.0
222458,True,44100,1,3,1465002,33.22,33.22,0.0
222450,True,44100,1,3,1352106,30.66,30.66,0.0
222504,True,44100,1,3,2593962,58.82,58.82,0.0
222468,True,44100,1,3,451584,10.24,10.24,0.0
222467,True,44100,1,3,790271,17.919977324263037,17.92,2.267573696457248e-05
222469,True,44100,1,3,225792,5.12,5.12,0.0
222472,True,44100,1,3,2029482,46.02,46.02,0.0
222524,True,44100,1,3,1806336,40.96,40.96,0.0
222491,True,44100,1,3,674729,15.299977324263038,15.3,2.2675736962796122e-05
222490,True,44100,1,3,903168,20.48,20.48,0.0
222511,True,44100,1,3,2368170,53.7,53.7,0.0
222473,True,44100,1,3,1803690,40.9,40.9,0.0
222497,True,44100,1,3,1806336,40.96,40.96,0.0
222505,True,44100,1,3,2142378,48.58,48.58,0.0
222441,True,44100,1,3,2370816,53.76,53.76,0.0
222512,True,44100,1,3,1806336,40.96,40.96,0.0
222519,True,44100,1,3,338688,7.68,7.68,0.0
222523,True,44100,1,3,338687,7.679977324263039,7.68,2.2675736961019766e-05
222522,True,44100,1,3,1128960,25.6,25.6,0.0
222520,True,44100,1,3,677376,15.36,15.36,0.0
222521,True,44100,1,3,338688,7.68,7.68,0.0
222513,True,44100,1,3,2370816,53.76,53.76,0.0
222482,True,44100,1,3,2029482,46.02,46.02,0.0
222486,True,44100,1,3,1467648,33.28,33.28,0.0
222451,True,44100,1,3,2481066,56.26,56.26,0.0
222492,True,44100,1,3,564480,12.8,12.8,0.0
222494,True,44100,1,3,112896,2.56,2.56,0.0
222493,True,44100,1,3,225792,5.12,5.12,0.0
222465,True,44100,1,3,1467648,33.28,33.28,0.0
222466,True,44100,1,3,338688,7.68,7.68,0.0
222487,True,44100,1,3,790271,17.919977324263037,17.92,2.267573696457248e-05
222488,True,44100,1,3,338688,7.68,7.68,0.0
222462,True,44100,1,3,564480,12.8,12.8,0.0
222461,True,44100,1,3,451584,10.24,10.24,0.0
222463,True,44100,1,3,112896,2.56,2.56,0.0
222457,True,44100,1,3,787626,17.86,17.86,0.0
222456,True,44100,1,3,2596608,58.88,58.88,0.0
222454,True,44100,1,3,451583,10.23997732426304,10.24,2.2675736961019766e-05
222455,True,44100,1,3,225791,5.119977324263038,5.12,2.2675736961907944e-05
222501,True,44100,1,3,451584,10.24,10.24,0.0
222477,True,44100,1,3,1016064,23.04,23.04,0.0
222476,True,44100,1,3,338688,7.68,7.68,0.0
222446,True,44100,1,3,1354752,30.72,30.72,0.0
222481,True,44100,1,3,451583,10.23997732426304,10.24,2.2675736961019766e-05
222480,True,44100,1,3,564480,12.8,12.8,0.0
222478,True,44100,1,3,451583,10.23997732426304,10.24,2.2675736961019766e-05
222479,True,44100,1,3,112895,2.5599773242630386,2.56,2.2675736961463855e-05
222544,True,44100,1,3,1128960,25.6,25.6,0.0
222560,True,44100,1,3,112895,2.5599773242630386,2.56,2.2675736961463855e-05
222559,True,44100,1,3,338688,7.68,7.68,0.0
222561,True,44100,1,3,677376,15.36,15.36,0.0
222543,True,44100,1,3,564480,12.8,12.8,0.0
222542,True,44100,1,3,451583,10.23997732426304,10.24,2.2675736961019766e-05
222541,True,44100,1,3,225792,5.12,5.12,0.0
222548,True,44100,1,3,225792,5.12,5.12,0.0
222549,True,44100,1,3,1580544,35.84,35.84,0.0
222564,True,44100,1,3,338688,7.68,7.68,0.0
222563,True,44100,1,3,1354752,30.72,30.72,0.0
222570,True,44100,1,3,561834,12.74,12.74,0.0
222569,True,44100,1,3,1580544,35.84,35.84,0.0
222530,True,44100,1,3,338688,7.68,7.68,0.0
222531,True,44100,1,3,1352106,30.66,30.66,0.0
222545,True,44100,1,3,1354752,30.72,30.72,0.0
222547,True,44100,1,3,561834,12.74,12.74,0.0
222546,True,44100,1,3,790271,17.919977324263037,17.92,2.267573696457248e-05
222582,True,44100,1,3,1128960,25.6,25.6,0.0
222574,True,44100,1,3,677376,15.36,15.36,0.0
222575,True,44100,1,3,564480,12.8,12.8,0.0
222557,True,44100,1,3,448938,10.18,10.18,0.0
222556,True,44100,1,3,1016064,23.04,23.04,0.0
222558,True,44100,1,3,1239210,28.1,28.1,0.0
222532,True,44100,1,3,338688,7.68,7.68,0.0
222551,True,44100,1,3,225791,5.119977324263038,5.12,2.2675736961907944e-05
222562,True,44100,1,3,1354752,30.72,30.72,0.0
222584,True,44100,1,3,112896,2.56,2.56,0.0
222583,True,44100,1,3,1016064,23.04,23.04,0.0
222573,True,44100,1,3,223145,5.059977324263039,5.06,2.2675736961019766e-05
222572,True,44100,1,3,451584,10.24,10.24,0.0
222571,True,44100,1,3,1016064,23.04,23.04,0.0
222581,True,44100,1,3,1580544,35.84,35.84,0.0
222533,True,44100,1,3,1016064,23.04,23.04,0.0
222534,True,44100,1,3,225791,5.119977324263038,5.12,2.2675736961907944e-05
222565,True,44100,1,3,451584,10.24,10.24,0.0
222567,True,44100,1,3,225792,5.12,5.12,0.0
222566,True,44100,1,3,112896,2.56,2.56,0.0
222568,True,44100,1,3,112896,2.56,2.56,0.0
222578,True,44100,1,3,1126314,25.54,25.54,0.0
222577,True,44100,1,3,225792,5.12,5.12,0.0
222607,True,44100,1,3,1241856,28.16,28.16,0.0
222612,True,44100,1,3,336041,7.619977324263038,7.62,2.2675736961907944e-05
222611,True,44100,1,3,1128960,25.6,25.6,0.0
222610,True,44100,1,3,1352106,30.66,30.66,0.0
222593,True,44100,1,3,1806336,40.96,40.96,0.0
222605,True,44100,1,3,1128960,25.6,25.6,0.0
222601,True,44100,1,3,1467648,33.28,33.28,0.0
222588,True,44100,1,3,1577898,35.78,35.78,0.0
222587,True,44100,1,3,451583,10.23997732426304,10.24,2.2675736961019766e-05
222590,True,44100,1,3,1352106,30.66,30.66,0.0
222589,True,44100,1,3,1128960,25.6,25.6,0.0
222595,True,44100,1,3,1806336,40.96,40.96,0.0
222613,True,44100,1,3,1241856,28.16,28.16,0.0
222597,True,44100,1,3,1467648,33.28,33.28,0.0
222592,True,44100,1,3,1354752,30.72,30.72,0.0
222608,True,44100,1,3,451583,10.23997732426304,10.24,2.2675736961019766e-05
222609,True,44100,1,3,564479,12.799977324263038,12.8,2.2675736962796122e-05
222594,True,44100,1,3,2142378,48.58,48.58,0.0
222620,True,44100,1,3,1354752,30.72,30.72,0.0
222621,True,44100,1,3,1354752,30.72,30.72,0.0
222606,True,44100,1,3,2481066,56.26,56.26,0.0
222599,True,44100,1,3,1016064,23.04,23.04,0.0
222617,True,44100,1,3,1690794,38.34,38.34,0.0
222602,True,44100,1,3,1690793,38.33997732426304,38.34,2.267573696457248e-05
222619,True,44100,1,3,1690794,38.34,38.34,0.0
222603,True,44100,1,3,1354752,30.72,30.72,0.0
222600,True,44100,1,3,1016064,23.04,23.04,0.0
222616,True,44100,1,3,1690794,38.34,38.34,0.0
222604,True,44100,1,3,1467648,33.28,33.28,0.0
222598,True,44100,1,3,1580544,35.84,35.84,0.0
222618,True,44100,1,3,1580544,35.84,35.84,0.0
222615,True,44100,1,3,1354752,30.72,30.72,0.0
222585,True,44100,1,3,1128960,25.6,25.6,0.0
222586,True,44100,1,3,1803690,40.9,40.9,0.0
222596,True,44100,1,3,1803690,40.9,40.9,0.0
222614,True,44100,1,3,1693440,38.4,38.4,0.0
